id,question_code,subject_id,chapter_id,question_type,content,explanation,difficulty,marks,negative_marks,correct_option,option_layout,year,source,raw_text
e7ce639b-3d79-42a6-9258-72f8bb6b2a8a,PHY-MIP-0001,a0eebc99-9c0b-4ef8-bb6d-6bb9bd380a11,b0eebc99-9c0b-4ef8-bb6d-6bb9bd380b18,MCQ,"[{""type"": ""text"", ""html"": ""<p>Which of the following physical quantities is a scalar quantity?</p>""}]","[{""type"": ""text"", ""html"": ""<p>Refer to NCERT Class 11 Physics: Chapter 4 - Motion in a Plane.</p>""}]",Easy,4.0,1.0,a,grid_2x2,2024,NCERT Physics NEET Chapter 4 - Motion in a Plane,Which of the following physical quantities is a scalar quantity?
d682fca0-befa-4dec-96b6-2436fe091e06,PHY-MIP-0002,a0eebc99-9c0b-4ef8-bb6d-6bb9bd380a11,b0eebc99-9c0b-4ef8-bb6d-6bb9bd380b18,MCQ,"[{""type"": ""text"", ""html"": ""<p>Which of the following physical quantities is a vector quantity?</p>""}]","[{""type"": ""text"", ""html"": ""<p>Refer to NCERT Class 11 Physics: Chapter 4 - Motion in a Plane.</p>""}]",Easy,4.0,1.0,a,grid_2x2,2024,NCERT Physics NEET Chapter 4 - Motion in a Plane,Which of the following physical quantities is a vector quantity?
fe06dd9a-d747-40b3-9e5b-4d357c6897b3,PHY-MIP-0003,a0eebc99-9c0b-4ef8-bb6d-6bb9bd380a11,b0eebc99-9c0b-4ef8-bb6d-6bb9bd380b18,MCQ,"[{""type"": ""text"", ""html"": ""<p>A unit vector is a vector whose magnitude is</p>""}]","[{""type"": ""text"", ""html"": ""<p>Refer to NCERT Class 11 Physics: Chapter 4 - Motion in a Plane.</p>""}]",Easy,4.0,1.0,a,grid_2x2,2024,NCERT Physics NEET Chapter 4 - Motion in a Plane,A unit vector is a vector whose magnitude is
55819564-339a-4232-ac49-7003e24ed0ca,PHY-MIP-0004,a0eebc99-9c0b-4ef8-bb6d-6bb9bd380a11,b0eebc99-9c0b-4ef8-bb6d-6bb9bd380b18,MCQ,"[{""type"": ""text"", ""html"": ""<p>The unit vector in the direction of vector \\(\\vec{A}\\) is given by</p>""}]","[{""type"": ""text"", ""html"": ""<p>Refer to NCERT Class 11 Physics: Chapter 4 - Motion in a Plane.</p>""}]",Easy,4.0,1.0,a,grid_2x2,2024,NCERT Physics NEET Chapter 4 - Motion in a Plane,The unit vector in the direction of vector \(\vec{A}\) is given by
b4607112-0e89-4392-81f9-0123353d6a5d,PHY-MIP-0005,a0eebc99-9c0b-4ef8-bb6d-6bb9bd380a11,b0eebc99-9c0b-4ef8-bb6d-6bb9bd380b18,MCQ,"[{""type"": ""text"", ""html"": ""<p>The magnitude of the resultant \\(R\\) of two vectors \\(\\vec{A}\\) and \\(\\vec{B}\\) inclined at an angle \\(\\theta\\) is</p>""}]","[{""type"": ""text"", ""html"": ""<p>Refer to NCERT Class 11 Physics: Chapter 4 - Motion in a Plane.</p>""}]",Easy,4.0,1.0,a,grid_2x2,2024,NCERT Physics NEET Chapter 4 - Motion in a Plane,The magnitude of the resultant \(R\) of two vectors \(\vec{A}\) and \(\vec{B}\) inclined at an angle \(\theta\) is
ca02c972-fbaf-4a23-ab04-75f1978f00e9,PHY-MIP-0006,a0eebc99-9c0b-4ef8-bb6d-6bb9bd380a11,b0eebc99-9c0b-4ef8-bb6d-6bb9bd380b18,MCQ,"[{""type"": ""text"", ""html"": ""<p>The angle \\(\\alpha\\) made by the resultant \\(\\vec{R}\\) with vector \\(\\vec{A}\\) is given by</p>""}]","[{""type"": ""text"", ""html"": ""<p>Refer to NCERT Class 11 Physics: Chapter 4 - Motion in a Plane.</p>""}]",Medium,4.0,1.0,a,grid_2x2,2024,NCERT Physics NEET Chapter 4 - Motion in a Plane,The angle \(\alpha\) made by the resultant \(\vec{R}\) with vector \(\vec{A}\) is given by
063f8b81-7876-4a80-b9a6-b7b13b6ee4e2,PHY-MIP-0007,a0eebc99-9c0b-4ef8-bb6d-6bb9bd380a11,b0eebc99-9c0b-4ef8-bb6d-6bb9bd380b18,MCQ,"[{""type"": ""text"", ""html"": ""<p>Two vectors of equal magnitude \\(F\\) have a resultant of magnitude \\(F\\). The angle between the two vectors is</p>""}]","[{""type"": ""text"", ""html"": ""<p>Refer to NCERT Class 11 Physics: Chapter 4 - Motion in a Plane.</p>""}]",Medium,4.0,1.0,a,grid_2x2,2024,NCERT Physics NEET Chapter 4 - Motion in a Plane,Two vectors of equal magnitude \(F\) have a resultant of magnitude \(F\). The angle between the two vectors is
617bbd87-0e6c-4f59-8407-3cfa82ad58c9,PHY-MIP-0008,a0eebc99-9c0b-4ef8-bb6d-6bb9bd380a11,b0eebc99-9c0b-4ef8-bb6d-6bb9bd380b18,MCQ,"[{""type"": ""text"", ""html"": ""<p>Match column I (Vector Operation) with column II (Mathematical Formula).</p>""}, {""type"": ""image"", ""src"": ""https://bsbbyuaqibehvcbwugif.supabase.co/storage/v1/object/public/question-assets/physics/phy_plane_table_1.png"", ""alt"": ""Motion in a Plane Figure/Table for PHY-MIP-0008""}]","[{""type"": ""text"", ""html"": ""<p>Refer to NCERT Class 11 Physics: Chapter 4 - Motion in a Plane.</p>""}]",Medium,4.0,1.0,a,grid_2x2,2024,NCERT Physics NEET Chapter 4 - Motion in a Plane,Match column I (Vector Operation) with column II (Mathematical Formula).
64382c18-7e83-437d-af75-4a052ef987f8,PHY-MIP-0009,a0eebc99-9c0b-4ef8-bb6d-6bb9bd380a11,b0eebc99-9c0b-4ef8-bb6d-6bb9bd380b18,MCQ,"[{""type"": ""text"", ""html"": ""<p>The maximum resultant of two vectors of magnitudes 12 N and 5 N is 17 N and minimum resultant is 7 N. If they act at \\(90^\\circ\\), the resultant magnitude is</p>""}]","[{""type"": ""text"", ""html"": ""<p>Refer to NCERT Class 11 Physics: Chapter 4 - Motion in a Plane.</p>""}]",Medium,4.0,1.0,a,grid_2x2,2024,NCERT Physics NEET Chapter 4 - Motion in a Plane,"The maximum resultant of two vectors of magnitudes 12 N and 5 N is 17 N and minimum resultant is 7 N. If they act at \(90^\circ\), the resultant magnitude is"
4576902c-1f9c-4a31-abe7-7f2cd7c657be,PHY-MIP-0010,a0eebc99-9c0b-4ef8-bb6d-6bb9bd380a11,b0eebc99-9c0b-4ef8-bb6d-6bb9bd380b18,MCQ,"[{""type"": ""text"", ""html"": ""<p>The scalar product (dot product) of two vectors \\(\\vec{A}\\) and \\(\\vec{B}\\) is defined as</p>""}]","[{""type"": ""text"", ""html"": ""<p>Refer to NCERT Class 11 Physics: Chapter 4 - Motion in a Plane.</p>""}]",Easy,4.0,1.0,a,grid_2x2,2024,NCERT Physics NEET Chapter 4 - Motion in a Plane,The scalar product (dot product) of two vectors \(\vec{A}\) and \(\vec{B}\) is defined as
e448e4de-12b5-4e9b-8b44-536c01311fd8,PHY-MIP-0011,a0eebc99-9c0b-4ef8-bb6d-6bb9bd380a11,b0eebc99-9c0b-4ef8-bb6d-6bb9bd380b18,MCQ,"[{""type"": ""text"", ""html"": ""<p>If two non-zero vectors \\(\\vec{A}\\) and \\(\\vec{B}\\) are perpendicular to each other, then</p>""}]","[{""type"": ""text"", ""html"": ""<p>Refer to NCERT Class 11 Physics: Chapter 4 - Motion in a Plane.</p>""}]",Easy,4.0,1.0,a,grid_2x2,2024,NCERT Physics NEET Chapter 4 - Motion in a Plane,"If two non-zero vectors \(\vec{A}\) and \(\vec{B}\) are perpendicular to each other, then"
3b909436-18e4-4d45-a888-3362d2262dd9,PHY-MIP-0012,a0eebc99-9c0b-4ef8-bb6d-6bb9bd380a11,b0eebc99-9c0b-4ef8-bb6d-6bb9bd380b18,MCQ,"[{""type"": ""text"", ""html"": ""<p>For orthogonal unit vectors \\(\\hat{i}, \\hat{j}, \\hat{k}\\), which of the following is correct?</p>""}, {""type"": ""image"", ""src"": ""https://bsbbyuaqibehvcbwugif.supabase.co/storage/v1/object/public/question-assets/physics/phy_plane_diag_1.png"", ""alt"": ""Motion in a Plane Figure/Table for PHY-MIP-0012""}]","[{""type"": ""text"", ""html"": ""<p>Refer to NCERT Class 11 Physics: Chapter 4 - Motion in a Plane.</p>""}]",Easy,4.0,1.0,a,grid_2x2,2024,NCERT Physics NEET Chapter 4 - Motion in a Plane,"For orthogonal unit vectors \(\hat{i}, \hat{j}, \hat{k}\), which of the following is correct?"
26086182-87e3-46d8-880d-8dbfc82c7e55,PHY-MIP-0013,a0eebc99-9c0b-4ef8-bb6d-6bb9bd380a11,b0eebc99-9c0b-4ef8-bb6d-6bb9bd380b18,MCQ,"[{""type"": ""text"", ""html"": ""<p>The vector product (cross product) of two vectors \\(\\vec{A}\\) and \\(\\vec{B}\\) is given by</p>""}]","[{""type"": ""text"", ""html"": ""<p>Refer to NCERT Class 11 Physics: Chapter 4 - Motion in a Plane.</p>""}]",Easy,4.0,1.0,a,grid_2x2,2024,NCERT Physics NEET Chapter 4 - Motion in a Plane,The vector product (cross product) of two vectors \(\vec{A}\) and \(\vec{B}\) is given by
5b8bc329-5f5b-416c-bc43-4f3a3d03d584,PHY-MIP-0014,a0eebc99-9c0b-4ef8-bb6d-6bb9bd380a11,b0eebc99-9c0b-4ef8-bb6d-6bb9bd380b18,MCQ,"[{""type"": ""text"", ""html"": ""<p>If two non-zero vectors \\(\\vec{A}\\) and \\(\\vec{B}\\) are parallel or antiparallel to each other, then</p>""}]","[{""type"": ""text"", ""html"": ""<p>Refer to NCERT Class 11 Physics: Chapter 4 - Motion in a Plane.</p>""}]",Easy,4.0,1.0,a,grid_2x2,2024,NCERT Physics NEET Chapter 4 - Motion in a Plane,"If two non-zero vectors \(\vec{A}\) and \(\vec{B}\) are parallel or antiparallel to each other, then"
83ef931a-374a-42c3-a415-aa861ec20b31,PHY-MIP-0015,a0eebc99-9c0b-4ef8-bb6d-6bb9bd380a11,b0eebc99-9c0b-4ef8-bb6d-6bb9bd380b18,MCQ,"[{""type"": ""text"", ""html"": ""<p>For cross product of unit vectors, which of the following relations is correct?</p>""}]","[{""type"": ""text"", ""html"": ""<p>Refer to NCERT Class 11 Physics: Chapter 4 - Motion in a Plane.</p>""}]",Easy,4.0,1.0,a,grid_2x2,2024,NCERT Physics NEET Chapter 4 - Motion in a Plane,"For cross product of unit vectors, which of the following relations is correct?"
d887e92f-10ea-4d8a-ae50-dc04bfd2a127,PHY-MIP-0016,a0eebc99-9c0b-4ef8-bb6d-6bb9bd380a11,b0eebc99-9c0b-4ef8-bb6d-6bb9bd380b18,MCQ,"[{""type"": ""text"", ""html"": ""<p>The vector product of two vectors is anti-commutative, which means</p>""}]","[{""type"": ""text"", ""html"": ""<p>Refer to NCERT Class 11 Physics: Chapter 4 - Motion in a Plane.</p>""}]",Easy,4.0,1.0,a,grid_2x2,2024,NCERT Physics NEET Chapter 4 - Motion in a Plane,"The vector product of two vectors is anti-commutative, which means"
54a79dcd-e74b-4f54-bf1a-da66478e0e3e,PHY-MIP-0017,a0eebc99-9c0b-4ef8-bb6d-6bb9bd380a11,b0eebc99-9c0b-4ef8-bb6d-6bb9bd380b18,MCQ,"[{""type"": ""text"", ""html"": ""<p>The area of a parallelogram whose adjacent sides are represented by vectors \\(\\vec{A}\\) and \\(\\vec{B}\\) is</p>""}]","[{""type"": ""text"", ""html"": ""<p>Refer to NCERT Class 11 Physics: Chapter 4 - Motion in a Plane.</p>""}]",Easy,4.0,1.0,a,grid_2x2,2024,NCERT Physics NEET Chapter 4 - Motion in a Plane,The area of a parallelogram whose adjacent sides are represented by vectors \(\vec{A}\) and \(\vec{B}\) is
bc5eb3b5-03fa-4bb5-8c27-c16fb9968fb0,PHY-MIP-0018,a0eebc99-9c0b-4ef8-bb6d-6bb9bd380a11,b0eebc99-9c0b-4ef8-bb6d-6bb9bd380b18,MCQ,"[{""type"": ""text"", ""html"": ""<p>The area of a triangle formed by vectors \\(\\vec{A}\\) and \\(\\vec{B}\\) as two adjacent sides is</p>""}]","[{""type"": ""text"", ""html"": ""<p>Refer to NCERT Class 11 Physics: Chapter 4 - Motion in a Plane.</p>""}]",Easy,4.0,1.0,a,grid_2x2,2024,NCERT Physics NEET Chapter 4 - Motion in a Plane,The area of a triangle formed by vectors \(\vec{A}\) and \(\vec{B}\) as two adjacent sides is
295c6811-882d-499f-bbeb-213065ed2b4d,PHY-MIP-0019,a0eebc99-9c0b-4ef8-bb6d-6bb9bd380a11,b0eebc99-9c0b-4ef8-bb6d-6bb9bd380b18,MCQ,"[{""type"": ""text"", ""html"": ""<p>If \\(\\vec{A} = 2\\hat{i} + 3\\hat{j} + 4\\hat{k}\\) and \\(\\vec{B} = 4\\hat{i} - 2\\hat{j} + 3\\hat{k}\\), the scalar product \\(\\vec{A} \\cdot \\vec{B}\\) is</p>""}]","[{""type"": ""text"", ""html"": ""<p>Refer to NCERT Class 11 Physics: Chapter 4 - Motion in a Plane.</p>""}]",Medium,4.0,1.0,a,grid_2x2,2024,NCERT Physics NEET Chapter 4 - Motion in a Plane,"If \(\vec{A} = 2\hat{i} + 3\hat{j} + 4\hat{k}\) and \(\vec{B} = 4\hat{i} - 2\hat{j} + 3\hat{k}\), the scalar product \(\vec{A} \cdot \vec{B}\) is"
d42601d5-3c61-4ae3-a0e6-ed90a5e2397d,PHY-MIP-0020,a0eebc99-9c0b-4ef8-bb6d-6bb9bd380a11,b0eebc99-9c0b-4ef8-bb6d-6bb9bd380b18,MCQ,"[{""type"": ""text"", ""html"": ""<p>A projectile is an object thrown into space with an initial velocity and then moves under the influence of</p>""}]","[{""type"": ""text"", ""html"": ""<p>Refer to NCERT Class 11 Physics: Chapter 4 - Motion in a Plane.</p>""}]",Easy,4.0,1.0,a,grid_2x2,2024,NCERT Physics NEET Chapter 4 - Motion in a Plane,A projectile is an object thrown into space with an initial velocity and then moves under the influence of
c3afd1dc-b2cc-4d8e-bc6d-bbb58e16467a,PHY-MIP-0021,a0eebc99-9c0b-4ef8-bb6d-6bb9bd380a11,b0eebc99-9c0b-4ef8-bb6d-6bb9bd380b18,MCQ,"[{""type"": ""text"", ""html"": ""<p>The trajectory of a projectile in the absence of air resistance is a</p>""}]","[{""type"": ""text"", ""html"": ""<p>Refer to NCERT Class 11 Physics: Chapter 4 - Motion in a Plane.</p>""}]",Easy,4.0,1.0,a,grid_2x2,2024,NCERT Physics NEET Chapter 4 - Motion in a Plane,The trajectory of a projectile in the absence of air resistance is a
4cfe4a49-39bd-4131-b6cf-001ba439ab4f,PHY-MIP-0022,a0eebc99-9c0b-4ef8-bb6d-6bb9bd380a11,b0eebc99-9c0b-4ef8-bb6d-6bb9bd380b18,MCQ,"[{""type"": ""text"", ""html"": ""<p>The horizontal component of velocity \\(u_x\\) of a projectile throughout its flight</p>""}, {""type"": ""image"", ""src"": ""https://bsbbyuaqibehvcbwugif.supabase.co/storage/v1/object/public/question-assets/physics/phy_plane_table_2.png"", ""alt"": ""Motion in a Plane Figure/Table for PHY-MIP-0022""}]","[{""type"": ""text"", ""html"": ""<p>Refer to NCERT Class 11 Physics: Chapter 4 - Motion in a Plane.</p>""}]",Easy,4.0,1.0,a,grid_2x2,2024,NCERT Physics NEET Chapter 4 - Motion in a Plane,The horizontal component of velocity \(u_x\) of a projectile throughout its flight
6cb70a76-9463-4edd-a3e3-04cce0f770a1,PHY-MIP-0023,a0eebc99-9c0b-4ef8-bb6d-6bb9bd380a11,b0eebc99-9c0b-4ef8-bb6d-6bb9bd380b18,MCQ,"[{""type"": ""text"", ""html"": ""<p>At the highest point of projectile motion, the vertical component of velocity \\(v_y\\) is</p>""}]","[{""type"": ""text"", ""html"": ""<p>Refer to NCERT Class 11 Physics: Chapter 4 - Motion in a Plane.</p>""}]",Easy,4.0,1.0,a,grid_2x2,2024,NCERT Physics NEET Chapter 4 - Motion in a Plane,"At the highest point of projectile motion, the vertical component of velocity \(v_y\) is"
ad7f3caf-a58f-4c59-a041-b481759331ac,PHY-MIP-0024,a0eebc99-9c0b-4ef8-bb6d-6bb9bd380a11,b0eebc99-9c0b-4ef8-bb6d-6bb9bd380b18,MCQ,"[{""type"": ""text"", ""html"": ""<p>The time of flight \\(T\\) of a projectile launched with speed \\(u\\) at angle \\(\\theta\\) with horizontal is</p>""}]","[{""type"": ""text"", ""html"": ""<p>Refer to NCERT Class 11 Physics: Chapter 4 - Motion in a Plane.</p>""}]",Easy,4.0,1.0,a,grid_2x2,2024,NCERT Physics NEET Chapter 4 - Motion in a Plane,The time of flight \(T\) of a projectile launched with speed \(u\) at angle \(\theta\) with horizontal is
a90c3861-5fe5-470e-a32e-6449493600f9,PHY-MIP-0025,a0eebc99-9c0b-4ef8-bb6d-6bb9bd380a11,b0eebc99-9c0b-4ef8-bb6d-6bb9bd380b18,MCQ,"[{""type"": ""text"", ""html"": ""<p>The maximum height \\(H\\) reached by a projectile is given by</p>""}]","[{""type"": ""text"", ""html"": ""<p>Refer to NCERT Class 11 Physics: Chapter 4 - Motion in a Plane.</p>""}]",Easy,4.0,1.0,a,grid_2x2,2024,NCERT Physics NEET Chapter 4 - Motion in a Plane,The maximum height \(H\) reached by a projectile is given by
58c23604-5e1a-4117-95db-c9919079bfce,PHY-MIP-0026,a0eebc99-9c0b-4ef8-bb6d-6bb9bd380a11,b0eebc99-9c0b-4ef8-bb6d-6bb9bd380b18,MCQ,"[{""type"": ""text"", ""html"": ""<p>The horizontal range \\(R\\) of a projectile is given by</p>""}, {""type"": ""image"", ""src"": ""https://bsbbyuaqibehvcbwugif.supabase.co/storage/v1/object/public/question-assets/physics/phy_plane_diag_2.png"", ""alt"": ""Motion in a Plane Figure/Table for PHY-MIP-0026""}]","[{""type"": ""text"", ""html"": ""<p>Refer to NCERT Class 11 Physics: Chapter 4 - Motion in a Plane.</p>""}]",Easy,4.0,1.0,a,grid_2x2,2024,NCERT Physics NEET Chapter 4 - Motion in a Plane,The horizontal range \(R\) of a projectile is given by
db9f7e7d-ab8a-4082-949c-2a954750a5b7,PHY-MIP-0027,a0eebc99-9c0b-4ef8-bb6d-6bb9bd380a11,b0eebc99-9c0b-4ef8-bb6d-6bb9bd380b18,MCQ,"[{""type"": ""text"", ""html"": ""<p>Horizontal range \\(R\\) is maximum when the angle of projection \\(\\theta\\) is</p>""}]","[{""type"": ""text"", ""html"": ""<p>Refer to NCERT Class 11 Physics: Chapter 4 - Motion in a Plane.</p>""}]",Easy,4.0,1.0,a,grid_2x2,2024,NCERT Physics NEET Chapter 4 - Motion in a Plane,Horizontal range \(R\) is maximum when the angle of projection \(\theta\) is
8be4af71-95d9-4970-ac73-1d734f633893,PHY-MIP-0028,a0eebc99-9c0b-4ef8-bb6d-6bb9bd380a11,b0eebc99-9c0b-4ef8-bb6d-6bb9bd380b18,MCQ,"[{""type"": ""text"", ""html"": ""<p>The maximum horizontal range \\(R_{\\text{max}}\\) achievable by a projectile launched with speed \\(u\\) is</p>""}]","[{""type"": ""text"", ""html"": ""<p>Refer to NCERT Class 11 Physics: Chapter 4 - Motion in a Plane.</p>""}]",Easy,4.0,1.0,a,grid_2x2,2024,NCERT Physics NEET Chapter 4 - Motion in a Plane,The maximum horizontal range \(R_{\text{max}}\) achievable by a projectile launched with speed \(u\) is
d8eaa449-95e6-4f7a-b5f2-27400269aab1,PHY-MIP-0029,a0eebc99-9c0b-4ef8-bb6d-6bb9bd380a11,b0eebc99-9c0b-4ef8-bb6d-6bb9bd380b18,MCQ,"[{""type"": ""text"", ""html"": ""<p>At angle of projection \\(\\theta = 45^\\circ\\), the relation between maximum height \\(H\\) and maximum range \\(R_{\\text{max}}\\) is</p>""}]","[{""type"": ""text"", ""html"": ""<p>Refer to NCERT Class 11 Physics: Chapter 4 - Motion in a Plane.</p>""}]",Medium,4.0,1.0,a,grid_2x2,2024,NCERT Physics NEET Chapter 4 - Motion in a Plane,"At angle of projection \(\theta = 45^\circ\), the relation between maximum height \(H\) and maximum range \(R_{\text{max}}\) is"
b46dfcef-b0d7-428f-a5c9-59303dd90f7d,PHY-MIP-0030,a0eebc99-9c0b-4ef8-bb6d-6bb9bd380a11,b0eebc99-9c0b-4ef8-bb6d-6bb9bd380b18,MCQ,"[{""type"": ""text"", ""html"": ""<p>The horizontal range of a projectile is the same for two complementary angles of projection, namely</p>""}]","[{""type"": ""text"", ""html"": ""<p>Refer to NCERT Class 11 Physics: Chapter 4 - Motion in a Plane.</p>""}]",Easy,4.0,1.0,a,grid_2x2,2024,NCERT Physics NEET Chapter 4 - Motion in a Plane,"The horizontal range of a projectile is the same for two complementary angles of projection, namely"
37d3c4e3-7dfb-4ed8-9cd5-b8abf490edac,PHY-MIP-0031,a0eebc99-9c0b-4ef8-bb6d-6bb9bd380a11,b0eebc99-9c0b-4ef8-bb6d-6bb9bd380b18,MCQ,"[{""type"": ""text"", ""html"": ""<p>If \\(T_1\\) and \\(T_2\\) are times of flight for complementary angles \\(\\theta\\) and \\((90^\\circ - \\theta)\\) for the same speed \\(u\\), then</p>""}]","[{""type"": ""text"", ""html"": ""<p>Refer to NCERT Class 11 Physics: Chapter 4 - Motion in a Plane.</p>""}]",Hard,4.0,1.0,a,grid_2x2,2024,NCERT Physics NEET Chapter 4 - Motion in a Plane,"If \(T_1\) and \(T_2\) are times of flight for complementary angles \(\theta\) and \((90^\circ - \theta)\) for the same speed \(u\), then"
a45cc308-7f97-4162-8f79-242da4805215,PHY-MIP-0032,a0eebc99-9c0b-4ef8-bb6d-6bb9bd380a11,b0eebc99-9c0b-4ef8-bb6d-6bb9bd380b18,MCQ,"[{""type"": ""text"", ""html"": ""<p>The equation of the trajectory of a projectile is given by</p>""}]","[{""type"": ""text"", ""html"": ""<p>Refer to NCERT Class 11 Physics: Chapter 4 - Motion in a Plane.</p>""}]",Medium,4.0,1.0,a,grid_2x2,2024,NCERT Physics NEET Chapter 4 - Motion in a Plane,The equation of the trajectory of a projectile is given by
4c1d353a-bc6d-4898-a035-9e2ed4b99eee,PHY-MIP-0033,a0eebc99-9c0b-4ef8-bb6d-6bb9bd380a11,b0eebc99-9c0b-4ef8-bb6d-6bb9bd380b18,MCQ,"[{""type"": ""text"", ""html"": ""<p>A ball is projected with speed \\(u = 20 \\text{ m/s}\\) at an angle of \\(30^\\circ\\) with horizontal. Taking \\(g = 10 \\text{ m/s}^2\\), the time of flight is</p>""}]","[{""type"": ""text"", ""html"": ""<p>Refer to NCERT Class 11 Physics: Chapter 4 - Motion in a Plane.</p>""}]",Medium,4.0,1.0,a,grid_2x2,2024,NCERT Physics NEET Chapter 4 - Motion in a Plane,"A ball is projected with speed \(u = 20 \text{ m/s}\) at an angle of \(30^\circ\) with horizontal. Taking \(g = 10 \text{ m/s}^2\), the time of flight is"
48b460b4-8053-44f0-9401-29333c0eac58,PHY-MIP-0034,a0eebc99-9c0b-4ef8-bb6d-6bb9bd380a11,b0eebc99-9c0b-4ef8-bb6d-6bb9bd380b18,MCQ,"[{""type"": ""text"", ""html"": ""<p>For a projectile, the velocity vector and acceleration vector are perpendicular to each other at</p>""}]","[{""type"": ""text"", ""html"": ""<p>Refer to NCERT Class 11 Physics: Chapter 4 - Motion in a Plane.</p>""}]",Easy,4.0,1.0,a,grid_2x2,2024,NCERT Physics NEET Chapter 4 - Motion in a Plane,"For a projectile, the velocity vector and acceleration vector are perpendicular to each other at"
3d50c632-0e54-467f-beee-98a4a6e66c2d,PHY-MIP-0035,a0eebc99-9c0b-4ef8-bb6d-6bb9bd380a11,b0eebc99-9c0b-4ef8-bb6d-6bb9bd380b18,MCQ,"[{""type"": ""text"", ""html"": ""<p>The kinetic energy of a projectile at its highest point launched with kinetic energy \\(K\\) at angle \\(60^\\circ\\) is</p>""}]","[{""type"": ""text"", ""html"": ""<p>Refer to NCERT Class 11 Physics: Chapter 4 - Motion in a Plane.</p>""}]",Medium,4.0,1.0,a,grid_2x2,2024,NCERT Physics NEET Chapter 4 - Motion in a Plane,The kinetic energy of a projectile at its highest point launched with kinetic energy \(K\) at angle \(60^\circ\) is
2bd953b2-a179-4a61-b730-43ca3f4382c5,PHY-MIP-0036,a0eebc99-9c0b-4ef8-bb6d-6bb9bd380a11,b0eebc99-9c0b-4ef8-bb6d-6bb9bd380b18,MCQ,"[{""type"": ""text"", ""html"": ""<p>The speed of a projectile at its maximum height is half of its initial speed \\(u\\). The angle of projection is</p>""}, {""type"": ""image"", ""src"": ""https://bsbbyuaqibehvcbwugif.supabase.co/storage/v1/object/public/question-assets/physics/phy_plane_table_3.png"", ""alt"": ""Motion in a Plane Figure/Table for PHY-MIP-0036""}]","[{""type"": ""text"", ""html"": ""<p>Refer to NCERT Class 11 Physics: Chapter 4 - Motion in a Plane.</p>""}]",Medium,4.0,1.0,a,grid_2x2,2024,NCERT Physics NEET Chapter 4 - Motion in a Plane,The speed of a projectile at its maximum height is half of its initial speed \(u\). The angle of projection is
41e6ee3b-6709-43b2-9436-5a065de7d4d6,PHY-MIP-0037,a0eebc99-9c0b-4ef8-bb6d-6bb9bd380a11,b0eebc99-9c0b-4ef8-bb6d-6bb9bd380b18,MCQ,"[{""type"": ""text"", ""html"": ""<p>In uniform circular motion (UCM), which of the following quantities remains constant?</p>""}]","[{""type"": ""text"", ""html"": ""<p>Refer to NCERT Class 11 Physics: Chapter 4 - Motion in a Plane.</p>""}]",Easy,4.0,1.0,a,grid_2x2,2024,NCERT Physics NEET Chapter 4 - Motion in a Plane,"In uniform circular motion (UCM), which of the following quantities remains constant?"
e31f0588-6af4-4ec3-a5b8-888b856db25a,PHY-MIP-0038,a0eebc99-9c0b-4ef8-bb6d-6bb9bd380a11,b0eebc99-9c0b-4ef8-bb6d-6bb9bd380b18,MCQ,"[{""type"": ""text"", ""html"": ""<p>In uniform circular motion of radius \\(R\\) and speed \\(v\\), the centripetal acceleration \\(a_c\\) is directed</p>""}]","[{""type"": ""text"", ""html"": ""<p>Refer to NCERT Class 11 Physics: Chapter 4 - Motion in a Plane.</p>""}]",Easy,4.0,1.0,a,grid_2x2,2024,NCERT Physics NEET Chapter 4 - Motion in a Plane,"In uniform circular motion of radius \(R\) and speed \(v\), the centripetal acceleration \(a_c\) is directed"
6942dffd-9ffd-4b99-b4f1-8e2f9489d4c2,PHY-MIP-0039,a0eebc99-9c0b-4ef8-bb6d-6bb9bd380a11,b0eebc99-9c0b-4ef8-bb6d-6bb9bd380b18,MCQ,"[{""type"": ""text"", ""html"": ""<p>The relationship between linear velocity \\(v\\) and angular velocity \\(\\omega\\) for a particle moving in a circular path of radius \\(r\\) is</p>""}]","[{""type"": ""text"", ""html"": ""<p>Refer to NCERT Class 11 Physics: Chapter 4 - Motion in a Plane.</p>""}]",Easy,4.0,1.0,a,grid_2x2,2024,NCERT Physics NEET Chapter 4 - Motion in a Plane,The relationship between linear velocity \(v\) and angular velocity \(\omega\) for a particle moving in a circular path of radius \(r\) is
4600b449-dd9c-4339-9555-8f06f020f08f,PHY-MIP-0040,a0eebc99-9c0b-4ef8-bb6d-6bb9bd380a11,b0eebc99-9c0b-4ef8-bb6d-6bb9bd380b18,MCQ,"[{""type"": ""text"", ""html"": ""<p>Angular displacement \\(\\theta\\) is measured in SI units of</p>""}, {""type"": ""image"", ""src"": ""https://bsbbyuaqibehvcbwugif.supabase.co/storage/v1/object/public/question-assets/physics/phy_plane_diag_3.png"", ""alt"": ""Motion in a Plane Figure/Table for PHY-MIP-0040""}]","[{""type"": ""text"", ""html"": ""<p>Refer to NCERT Class 11 Physics: Chapter 4 - Motion in a Plane.</p>""}]",Easy,4.0,1.0,a,grid_2x2,2024,NCERT Physics NEET Chapter 4 - Motion in a Plane,Angular displacement \(\theta\) is measured in SI units of
b2903bde-1b35-4420-8131-3b4b0b653d02,PHY-MIP-0041,a0eebc99-9c0b-4ef8-bb6d-6bb9bd380a11,b0eebc99-9c0b-4ef8-bb6d-6bb9bd380b18,MCQ,"[{""type"": ""text"", ""html"": ""<p>Angular velocity \\(\\omega\\) is defined as the rate of change of angular displacement, having SI unit</p>""}]","[{""type"": ""text"", ""html"": ""<p>Refer to NCERT Class 11 Physics: Chapter 4 - Motion in a Plane.</p>""}]",Easy,4.0,1.0,a,grid_2x2,2024,NCERT Physics NEET Chapter 4 - Motion in a Plane,"Angular velocity \(\omega\) is defined as the rate of change of angular displacement, having SI unit"
180c044f-84c5-4b03-a51f-05989d669663,PHY-MIP-0042,a0eebc99-9c0b-4ef8-bb6d-6bb9bd380a11,b0eebc99-9c0b-4ef8-bb6d-6bb9bd380b18,MCQ,"[{""type"": ""text"", ""html"": ""<p>The time period \\(T\\) and frequency \\(\\nu\\) in circular motion are related to angular velocity \\(\\omega\\) by</p>""}]","[{""type"": ""text"", ""html"": ""<p>Refer to NCERT Class 11 Physics: Chapter 4 - Motion in a Plane.</p>""}]",Easy,4.0,1.0,a,grid_2x2,2024,NCERT Physics NEET Chapter 4 - Motion in a Plane,The time period \(T\) and frequency \(\nu\) in circular motion are related to angular velocity \(\omega\) by
6c7497c0-e950-4bf5-b59c-37374924ba41,PHY-MIP-0043,a0eebc99-9c0b-4ef8-bb6d-6bb9bd380a11,b0eebc99-9c0b-4ef8-bb6d-6bb9bd380b18,MCQ,"[{""type"": ""text"", ""html"": ""<p>A particle rotates in a circle of radius 0.5 m at 120 rpm. Its angular speed \\(\\omega\\) in rad/s is</p>""}]","[{""type"": ""text"", ""html"": ""<p>Refer to NCERT Class 11 Physics: Chapter 4 - Motion in a Plane.</p>""}]",Medium,4.0,1.0,a,grid_2x2,2024,NCERT Physics NEET Chapter 4 - Motion in a Plane,A particle rotates in a circle of radius 0.5 m at 120 rpm. Its angular speed \(\omega\) in rad/s is
0aeb45a8-3314-4316-a121-e8fc69520666,PHY-MIP-0044,a0eebc99-9c0b-4ef8-bb6d-6bb9bd380a11,b0eebc99-9c0b-4ef8-bb6d-6bb9bd380b18,MCQ,"[{""type"": ""text"", ""html"": ""<p>Centripetal acceleration of a body moving in a circle of radius 2 m with speed 10 m/s is</p>""}]","[{""type"": ""text"", ""html"": ""<p>Refer to NCERT Class 11 Physics: Chapter 4 - Motion in a Plane.</p>""}]",Medium,4.0,1.0,a,grid_2x2,2024,NCERT Physics NEET Chapter 4 - Motion in a Plane,Centripetal acceleration of a body moving in a circle of radius 2 m with speed 10 m/s is
f4c90f2e-dcb6-4a79-9f44-0ecaadcca230,PHY-MIP-0045,a0eebc99-9c0b-4ef8-bb6d-6bb9bd380a11,b0eebc99-9c0b-4ef8-bb6d-6bb9bd380b18,MCQ,"[{""type"": ""text"", ""html"": ""<p>If the speed of a particle in uniform circular motion is doubled and its radius is halved, the centripetal acceleration becomes</p>""}]","[{""type"": ""text"", ""html"": ""<p>Refer to NCERT Class 11 Physics: Chapter 4 - Motion in a Plane.</p>""}]",Medium,4.0,1.0,a,grid_2x2,2024,NCERT Physics NEET Chapter 4 - Motion in a Plane,"If the speed of a particle in uniform circular motion is doubled and its radius is halved, the centripetal acceleration becomes"
1b294e7b-441e-4fd6-b052-0774e289abba,PHY-MIP-0046,a0eebc99-9c0b-4ef8-bb6d-6bb9bd380a11,b0eebc99-9c0b-4ef8-bb6d-6bb9bd380b18,MCQ,"[{""type"": ""text"", ""html"": ""<p>In non-uniform circular motion, the total acceleration \\(\\vec{a}\\) is the vector sum of</p>""}]","[{""type"": ""text"", ""html"": ""<p>Refer to NCERT Class 11 Physics: Chapter 4 - Motion in a Plane.</p>""}]",Medium,4.0,1.0,a,grid_2x2,2024,NCERT Physics NEET Chapter 4 - Motion in a Plane,"In non-uniform circular motion, the total acceleration \(\vec{a}\) is the vector sum of"
68c7fa05-e53e-477a-86cd-0401bc8de4d7,PHY-MIP-0047,a0eebc99-9c0b-4ef8-bb6d-6bb9bd380a11,b0eebc99-9c0b-4ef8-bb6d-6bb9bd380b18,MCQ,"[{""type"": ""text"", ""html"": ""<p>Tangential acceleration \\(a_t\\) in circular motion is responsible for changing the</p>""}]","[{""type"": ""text"", ""html"": ""<p>Refer to NCERT Class 11 Physics: Chapter 4 - Motion in a Plane.</p>""}]",Easy,4.0,1.0,a,grid_2x2,2024,NCERT Physics NEET Chapter 4 - Motion in a Plane,Tangential acceleration \(a_t\) in circular motion is responsible for changing the
c6332d79-747f-479e-a8b8-0b1f7a533f80,PHY-MIP-0048,a0eebc99-9c0b-4ef8-bb6d-6bb9bd380a11,b0eebc99-9c0b-4ef8-bb6d-6bb9bd380b18,MCQ,"[{""type"": ""text"", ""html"": ""<p>Centripetal acceleration \\(a_c\\) is responsible for changing the</p>""}]","[{""type"": ""text"", ""html"": ""<p>Refer to NCERT Class 11 Physics: Chapter 4 - Motion in a Plane.</p>""}]",Easy,4.0,1.0,a,grid_2x2,2024,NCERT Physics NEET Chapter 4 - Motion in a Plane,Centripetal acceleration \(a_c\) is responsible for changing the
bd3bda11-5057-446c-adfb-f93c4c40dcee,PHY-MIP-0049,a0eebc99-9c0b-4ef8-bb6d-6bb9bd380a11,b0eebc99-9c0b-4ef8-bb6d-6bb9bd380b18,MCQ,"[{""type"": ""text"", ""html"": ""<p>Match column I (Circular Motion Quantity) with column II (Formula).</p>""}, {""type"": ""image"", ""src"": ""https://bsbbyuaqibehvcbwugif.supabase.co/storage/v1/object/public/question-assets/physics/phy_plane_table_1.png"", ""alt"": ""Motion in a Plane Figure/Table for PHY-MIP-0049""}]","[{""type"": ""text"", ""html"": ""<p>Refer to NCERT Class 11 Physics: Chapter 4 - Motion in a Plane.</p>""}]",Medium,4.0,1.0,a,grid_2x2,2024,NCERT Physics NEET Chapter 4 - Motion in a Plane,Match column I (Circular Motion Quantity) with column II (Formula).
b8e98df4-324f-47df-b06f-1b7e02e6f89f,PHY-MIP-0050,a0eebc99-9c0b-4ef8-bb6d-6bb9bd380a11,b0eebc99-9c0b-4ef8-bb6d-6bb9bd380b18,MCQ,"[{""type"": ""text"", ""html"": ""<p>Relative velocity of body \\(A\\) with respect to body \\(B\\) moving in two dimensions is given by</p>""}, {""type"": ""image"", ""src"": ""https://bsbbyuaqibehvcbwugif.supabase.co/storage/v1/object/public/question-assets/physics/phy_plane_table_4.png"", ""alt"": ""Motion in a Plane Figure/Table for PHY-MIP-0050""}]","[{""type"": ""text"", ""html"": ""<p>Refer to NCERT Class 11 Physics: Chapter 4 - Motion in a Plane.</p>""}]",Easy,4.0,1.0,a,grid_2x2,2024,NCERT Physics NEET Chapter 4 - Motion in a Plane,Relative velocity of body \(A\) with respect to body \(B\) moving in two dimensions is given by
7f405d88-77e2-4343-a131-d809fb92545f,PHY-MIP-0051,a0eebc99-9c0b-4ef8-bb6d-6bb9bd380a11,b0eebc99-9c0b-4ef8-bb6d-6bb9bd380b18,MCQ,"[{""type"": ""text"", ""html"": ""<p>Rain is falling vertically downwards with speed \\(v_r\\) and a man is walking horizontally with speed \\(v_m\\). To protect himself, he should hold his umbrella at an angle \\(\\theta\\) with vertical given by</p>""}]","[{""type"": ""text"", ""html"": ""<p>Refer to NCERT Class 11 Physics: Chapter 4 - Motion in a Plane.</p>""}]",Medium,4.0,1.0,a,grid_2x2,2024,NCERT Physics NEET Chapter 4 - Motion in a Plane,"Rain is falling vertically downwards with speed \(v_r\) and a man is walking horizontally with speed \(v_m\). To protect himself, he should hold his umbrella at an angle \(\theta\) with vertical given by"
83c6bba8-ae18-4ce3-b6d3-bcbd5e62edc2,PHY-MIP-0052,a0eebc99-9c0b-4ef8-bb6d-6bb9bd380a11,b0eebc99-9c0b-4ef8-bb6d-6bb9bd380b18,MCQ,"[{""type"": ""text"", ""html"": ""<p>Rain is falling vertically at 4 m/s and a person moves horizontally at 3 m/s. The relative velocity of rain with respect to the person is</p>""}]","[{""type"": ""text"", ""html"": ""<p>Refer to NCERT Class 11 Physics: Chapter 4 - Motion in a Plane.</p>""}]",Medium,4.0,1.0,a,grid_2x2,2024,NCERT Physics NEET Chapter 4 - Motion in a Plane,Rain is falling vertically at 4 m/s and a person moves horizontally at 3 m/s. The relative velocity of rain with respect to the person is
b5d17b4b-dbad-4086-a742-cf6a4f3df824,PHY-MIP-0053,a0eebc99-9c0b-4ef8-bb6d-6bb9bd380a11,b0eebc99-9c0b-4ef8-bb6d-6bb9bd380b18,MCQ,"[{""type"": ""text"", ""html"": ""<p>To cross a river of width \\(d\\) flowing with speed \\(v_r\\) in shortest time, a swimmer with speed \\(v_s\\) in still water should swim</p>""}]","[{""type"": ""text"", ""html"": ""<p>Refer to NCERT Class 11 Physics: Chapter 4 - Motion in a Plane.</p>""}]",Medium,4.0,1.0,a,grid_2x2,2024,NCERT Physics NEET Chapter 4 - Motion in a Plane,"To cross a river of width \(d\) flowing with speed \(v_r\) in shortest time, a swimmer with speed \(v_s\) in still water should swim"
b78269a8-9d1b-4d1d-bb4b-eeac06830a9e,PHY-MIP-0054,a0eebc99-9c0b-4ef8-bb6d-6bb9bd380a11,b0eebc99-9c0b-4ef8-bb6d-6bb9bd380b18,MCQ,"[{""type"": ""text"", ""html"": ""<p>The minimum time taken by a swimmer to cross a river of width \\(d\\) with velocity \\(v_s\\) is</p>""}, {""type"": ""image"", ""src"": ""https://bsbbyuaqibehvcbwugif.supabase.co/storage/v1/object/public/question-assets/physics/phy_plane_diag_4.png"", ""alt"": ""Motion in a Plane Figure/Table for PHY-MIP-0054""}]","[{""type"": ""text"", ""html"": ""<p>Refer to NCERT Class 11 Physics: Chapter 4 - Motion in a Plane.</p>""}]",Medium,4.0,1.0,a,grid_2x2,2024,NCERT Physics NEET Chapter 4 - Motion in a Plane,The minimum time taken by a swimmer to cross a river of width \(d\) with velocity \(v_s\) is
4d93f24c-64c2-4acb-a630-24f1ceb13d71,PHY-MIP-0055,a0eebc99-9c0b-4ef8-bb6d-6bb9bd380a11,b0eebc99-9c0b-4ef8-bb6d-6bb9bd380b18,MCQ,"[{""type"": ""text"", ""html"": ""<p>To cross a river of width \\(d\\) along the shortest path (directly opposite point), the swimmer must head upstream at angle \\(\\theta\\) with river flow such that</p>""}]","[{""type"": ""text"", ""html"": ""<p>Refer to NCERT Class 11 Physics: Chapter 4 - Motion in a Plane.</p>""}]",Hard,4.0,1.0,a,grid_2x2,2024,NCERT Physics NEET Chapter 4 - Motion in a Plane,"To cross a river of width \(d\) along the shortest path (directly opposite point), the swimmer must head upstream at angle \(\theta\) with river flow such that"
058ce5f3-96a6-4ba4-ac2e-6f1c09382872,PHY-MIP-0056,a0eebc99-9c0b-4ef8-bb6d-6bb9bd380a11,b0eebc99-9c0b-4ef8-bb6d-6bb9bd380b18,MCQ,"[{""type"": ""text"", ""html"": ""<p>The position vector of a particle is \\(\\vec{r}(t) = 3t\\hat{i} + 2t^2\\hat{j} + 5\\hat{k}\\). The velocity \\(\\vec{v}(t)\\) at \\(t = 2 \\text{ s}\\) is</p>""}]","[{""type"": ""text"", ""html"": ""<p>Refer to NCERT Class 11 Physics: Chapter 4 - Motion in a Plane.</p>""}]",Medium,4.0,1.0,a,grid_2x2,2024,NCERT Physics NEET Chapter 4 - Motion in a Plane,The position vector of a particle is \(\vec{r}(t) = 3t\hat{i} + 2t^2\hat{j} + 5\hat{k}\). The velocity \(\vec{v}(t)\) at \(t = 2 \text{ s}\) is
c430b6a0-12ee-41e2-abe5-ddb85d045636,PHY-MIP-0057,a0eebc99-9c0b-4ef8-bb6d-6bb9bd380a11,b0eebc99-9c0b-4ef8-bb6d-6bb9bd380b18,MCQ,"[{""type"": ""text"", ""html"": ""<p>The acceleration of the particle whose position vector is \\(\\vec{r}(t) = 3t\\hat{i} + 2t^2\\hat{j} + 5\\hat{k}\\) is</p>""}]","[{""type"": ""text"", ""html"": ""<p>Refer to NCERT Class 11 Physics: Chapter 4 - Motion in a Plane.</p>""}]",Easy,4.0,1.0,a,grid_2x2,2024,NCERT Physics NEET Chapter 4 - Motion in a Plane,The acceleration of the particle whose position vector is \(\vec{r}(t) = 3t\hat{i} + 2t^2\hat{j} + 5\hat{k}\) is
e2b7cc87-438b-411a-a3d7-7a9ace8407e9,PHY-MIP-0058,a0eebc99-9c0b-4ef8-bb6d-6bb9bd380a11,b0eebc99-9c0b-4ef8-bb6d-6bb9bd380b18,MCQ,"[{""type"": ""text"", ""html"": ""<p>A particle moves in \\(xy\\)-plane with constant acceleration \\(\\vec{a}\\). If initial velocity is \\(\\vec{u}\\), the velocity \\(\\vec{v}\\) at time \\(t\\) is</p>""}]","[{""type"": ""text"", ""html"": ""<p>Refer to NCERT Class 11 Physics: Chapter 4 - Motion in a Plane.</p>""}]",Easy,4.0,1.0,a,grid_2x2,2024,NCERT Physics NEET Chapter 4 - Motion in a Plane,"A particle moves in \(xy\)-plane with constant acceleration \(\vec{a}\). If initial velocity is \(\vec{u}\), the velocity \(\vec{v}\) at time \(t\) is"
d24b8b48-e154-46ee-b479-e9ad3dbafadf,PHY-MIP-0059,a0eebc99-9c0b-4ef8-bb6d-6bb9bd380a11,b0eebc99-9c0b-4ef8-bb6d-6bb9bd380b18,MCQ,"[{""type"": ""text"", ""html"": ""<p>The position vector \\(\\vec{r}\\) of a particle moving with constant acceleration \\(\\vec{a}\\) and initial velocity \\(\\vec{u}\\) from origin is</p>""}]","[{""type"": ""text"", ""html"": ""<p>Refer to NCERT Class 11 Physics: Chapter 4 - Motion in a Plane.</p>""}]",Easy,4.0,1.0,a,grid_2x2,2024,NCERT Physics NEET Chapter 4 - Motion in a Plane,The position vector \(\vec{r}\) of a particle moving with constant acceleration \(\vec{a}\) and initial velocity \(\vec{u}\) from origin is
015da9d6-85ce-4351-91d9-6fce6206aa7f,PHY-MIP-0060,a0eebc99-9c0b-4ef8-bb6d-6bb9bd380a11,b0eebc99-9c0b-4ef8-bb6d-6bb9bd380b18,MCQ,"[{""type"": ""text"", ""html"": ""<p>When a projectile is at its highest point, the angle between its velocity and acceleration is</p>""}]","[{""type"": ""text"", ""html"": ""<p>Refer to NCERT Class 11 Physics: Chapter 4 - Motion in a Plane.</p>""}]",Easy,4.0,1.0,a,grid_2x2,2024,NCERT Physics NEET Chapter 4 - Motion in a Plane,"When a projectile is at its highest point, the angle between its velocity and acceleration is"
4198f4bd-baa7-410e-9bd2-3da4b9e2fa53,PHY-MIP-0061,a0eebc99-9c0b-4ef8-bb6d-6bb9bd380a11,b0eebc99-9c0b-4ef8-bb6d-6bb9bd380b18,MCQ,"[{""type"": ""text"", ""html"": ""<p>A body is projected horizontally with velocity \\(u\\) from the top of a tower of height \\(h\\). The time taken to reach the ground is</p>""}]","[{""type"": ""text"", ""html"": ""<p>Refer to NCERT Class 11 Physics: Chapter 4 - Motion in a Plane.</p>""}]",Medium,4.0,1.0,a,grid_2x2,2024,NCERT Physics NEET Chapter 4 - Motion in a Plane,A body is projected horizontally with velocity \(u\) from the top of a tower of height \(h\). The time taken to reach the ground is
2e7fb18c-fffe-4677-b1a2-2063222ff530,PHY-MIP-0062,a0eebc99-9c0b-4ef8-bb6d-6bb9bd380a11,b0eebc99-9c0b-4ef8-bb6d-6bb9bd380b18,MCQ,"[{""type"": ""text"", ""html"": ""<p>The horizontal distance (range) covered by a body projected horizontally with speed \\(u\\) from height \\(h\\) is</p>""}]","[{""type"": ""text"", ""html"": ""<p>Refer to NCERT Class 11 Physics: Chapter 4 - Motion in a Plane.</p>""}]",Medium,4.0,1.0,a,grid_2x2,2024,NCERT Physics NEET Chapter 4 - Motion in a Plane,The horizontal distance (range) covered by a body projected horizontally with speed \(u\) from height \(h\) is
97a0f509-3a1f-4da2-8814-56e726ddaf5c,PHY-MIP-0063,a0eebc99-9c0b-4ef8-bb6d-6bb9bd380a11,b0eebc99-9c0b-4ef8-bb6d-6bb9bd380b18,MCQ,"[{""type"": ""text"", ""html"": ""<p>The velocity of the body projected horizontally from height \\(h\\) just before hitting the ground is</p>""}]","[{""type"": ""text"", ""html"": ""<p>Refer to NCERT Class 11 Physics: Chapter 4 - Motion in a Plane.</p>""}]",Medium,4.0,1.0,a,grid_2x2,2024,NCERT Physics NEET Chapter 4 - Motion in a Plane,The velocity of the body projected horizontally from height \(h\) just before hitting the ground is
5ab4f2e7-eaec-4e6a-9455-a5c0d421b497,PHY-MIP-0064,a0eebc99-9c0b-4ef8-bb6d-6bb9bd380a11,b0eebc99-9c0b-4ef8-bb6d-6bb9bd380b18,MCQ,"[{""type"": ""text"", ""html"": ""<p>Two bullets are fired horizontally simultaneously from the same height with different initial speeds. Which bullet hits the ground first?</p>""}, {""type"": ""image"", ""src"": ""https://bsbbyuaqibehvcbwugif.supabase.co/storage/v1/object/public/question-assets/physics/phy_plane_table_5.png"", ""alt"": ""Motion in a Plane Figure/Table for PHY-MIP-0064""}]","[{""type"": ""text"", ""html"": ""<p>Refer to NCERT Class 11 Physics: Chapter 4 - Motion in a Plane.</p>""}]",Medium,4.0,1.0,a,grid_2x2,2024,NCERT Physics NEET Chapter 4 - Motion in a Plane,Two bullets are fired horizontally simultaneously from the same height with different initial speeds. Which bullet hits the ground first?
4d3f013d-abbc-4cda-a8fb-659942d36480,PHY-MIP-0065,a0eebc99-9c0b-4ef8-bb6d-6bb9bd380a11,b0eebc99-9c0b-4ef8-bb6d-6bb9bd380b18,MCQ,"[{""type"": ""text"", ""html"": ""<p>A particle travels along a circle of radius \\(r\\) with constant angular velocity \\(\\omega\\). Its linear acceleration is</p>""}]","[{""type"": ""text"", ""html"": ""<p>Refer to NCERT Class 11 Physics: Chapter 4 - Motion in a Plane.</p>""}]",Easy,4.0,1.0,a,grid_2x2,2024,NCERT Physics NEET Chapter 4 - Motion in a Plane,A particle travels along a circle of radius \(r\) with constant angular velocity \(\omega\). Its linear acceleration is
0880b3a1-be90-436c-ad41-1b679d54eae0,PHY-MIP-0066,a0eebc99-9c0b-4ef8-bb6d-6bb9bd380a11,b0eebc99-9c0b-4ef8-bb6d-6bb9bd380b18,MCQ,"[{""type"": ""text"", ""html"": ""<p>A vector \\(\\vec{A}\\) makes angles \\(\\alpha, \\beta, \\gamma\\) with the \\(x, y, z\\) axes respectively. Then \\(\\cos^2\\alpha + \\cos^2\\beta + \\cos^2\\gamma\\) equals</p>""}]","[{""type"": ""text"", ""html"": ""<p>Refer to NCERT Class 11 Physics: Chapter 4 - Motion in a Plane.</p>""}]",Medium,4.0,1.0,a,grid_2x2,2024,NCERT Physics NEET Chapter 4 - Motion in a Plane,"A vector \(\vec{A}\) makes angles \(\alpha, \beta, \gamma\) with the \(x, y, z\) axes respectively. Then \(\cos^2\alpha + \cos^2\beta + \cos^2\gamma\) equals"
8c3d618e-f2a8-489a-87a1-8b16e7ece59d,PHY-MIP-0067,a0eebc99-9c0b-4ef8-bb6d-6bb9bd380a11,b0eebc99-9c0b-4ef8-bb6d-6bb9bd380b18,MCQ,"[{""type"": ""text"", ""html"": ""<p>The angle between two vectors \\(\\vec{A} = \\hat{i} + \\hat{j}\\) and \\(\\vec{B} = \\hat{i} - \\hat{j}\\) is</p>""}]","[{""type"": ""text"", ""html"": ""<p>Refer to NCERT Class 11 Physics: Chapter 4 - Motion in a Plane.</p>""}]",Medium,4.0,1.0,a,grid_2x2,2024,NCERT Physics NEET Chapter 4 - Motion in a Plane,The angle between two vectors \(\vec{A} = \hat{i} + \hat{j}\) and \(\vec{B} = \hat{i} - \hat{j}\) is
6473c68c-46fa-4881-aaa5-188f0963af9a,PHY-MIP-0068,a0eebc99-9c0b-4ef8-bb6d-6bb9bd380a11,b0eebc99-9c0b-4ef8-bb6d-6bb9bd380b18,MCQ,"[{""type"": ""text"", ""html"": ""<p>If \\(|\\vec{A} + \\vec{B}| = |\\vec{A} - \\vec{B}|\\), then the angle between \\(\\vec{A}\\) and \\(\\vec{B}\\) is</p>""}, {""type"": ""image"", ""src"": ""https://bsbbyuaqibehvcbwugif.supabase.co/storage/v1/object/public/question-assets/physics/phy_plane_diag_5.png"", ""alt"": ""Motion in a Plane Figure/Table for PHY-MIP-0068""}]","[{""type"": ""text"", ""html"": ""<p>Refer to NCERT Class 11 Physics: Chapter 4 - Motion in a Plane.</p>""}]",Medium,4.0,1.0,a,grid_2x2,2024,NCERT Physics NEET Chapter 4 - Motion in a Plane,"If \(|\vec{A} + \vec{B}| = |\vec{A} - \vec{B}|\), then the angle between \(\vec{A}\) and \(\vec{B}\) is"
d76cb821-e14d-4639-b3d7-cdc92ba90c29,PHY-MIP-0069,a0eebc99-9c0b-4ef8-bb6d-6bb9bd380a11,b0eebc99-9c0b-4ef8-bb6d-6bb9bd380b18,MCQ,"[{""type"": ""text"", ""html"": ""<p>If \\(|\\vec{A} \\times \\vec{B}| = \\vec{A} \\cdot \\vec{B}\\), then the angle \\(\\theta\\) between \\(\\vec{A}\\) and \\(\\vec{B}\\) is</p>""}]","[{""type"": ""text"", ""html"": ""<p>Refer to NCERT Class 11 Physics: Chapter 4 - Motion in a Plane.</p>""}]",Medium,4.0,1.0,a,grid_2x2,2024,NCERT Physics NEET Chapter 4 - Motion in a Plane,"If \(|\vec{A} \times \vec{B}| = \vec{A} \cdot \vec{B}\), then the angle \(\theta\) between \(\vec{A}\) and \(\vec{B}\) is"
37f10e51-f51c-4ff3-9a10-3d542611ef9d,PHY-MIP-0070,a0eebc99-9c0b-4ef8-bb6d-6bb9bd380a11,b0eebc99-9c0b-4ef8-bb6d-6bb9bd380b18,MCQ,"[{""type"": ""text"", ""html"": ""<p>The time of flight \\(T\\) and maximum height \\(H\\) of a projectile are related by</p>""}]","[{""type"": ""text"", ""html"": ""<p>Refer to NCERT Class 11 Physics: Chapter 4 - Motion in a Plane.</p>""}]",Hard,4.0,1.0,a,grid_2x2,2024,NCERT Physics NEET Chapter 4 - Motion in a Plane,The time of flight \(T\) and maximum height \(H\) of a projectile are related by
