id,question_id,option_key,content,raw_text,sort_order
6c034871-95fd-41aa-b244-db364f7bc5e4,e7ce639b-3d79-42a6-9258-72f8bb6b2a8a,a,"[{""type"": ""text"", ""html"": ""<p>Work, energy and mass</p>""}]","Work, energy and mass",1
ddc38b73-0073-4eeb-946e-e9f181461d4c,e7ce639b-3d79-42a6-9258-72f8bb6b2a8a,b,"[{""type"": ""text"", ""html"": ""<p>Velocity and acceleration</p>""}]",Velocity and acceleration,2
c01f2dd7-db52-4d40-b340-ccf354cf528a,e7ce639b-3d79-42a6-9258-72f8bb6b2a8a,c,"[{""type"": ""text"", ""html"": ""<p>Force and torque</p>""}]",Force and torque,3
25132e12-6b1f-4c31-bf8d-582fbd957abd,e7ce639b-3d79-42a6-9258-72f8bb6b2a8a,d,"[{""type"": ""text"", ""html"": ""<p>Momentum and displacement</p>""}]",Momentum and displacement,4
1c1eff78-50e8-40a2-9e23-02d2b300d52a,d682fca0-befa-4dec-96b6-2436fe091e06,a,"[{""type"": ""text"", ""html"": ""<p>Electric field and linear momentum</p>""}]",Electric field and linear momentum,1
0410cd18-da53-45fa-b226-30b904e9604c,d682fca0-befa-4dec-96b6-2436fe091e06,b,"[{""type"": ""text"", ""html"": ""<p>Electric current and potential</p>""}]",Electric current and potential,2
259a5165-ac8a-458e-8d5c-1c59e40c66e4,d682fca0-befa-4dec-96b6-2436fe091e06,c,"[{""type"": ""text"", ""html"": ""<p>Pressure and temperature</p>""}]",Pressure and temperature,3
39d71c01-67a6-471f-9390-7ef26afe9b12,d682fca0-befa-4dec-96b6-2436fe091e06,d,"[{""type"": ""text"", ""html"": ""<p>Work and power</p>""}]",Work and power,4
9231de24-2995-4ba1-bfab-ce2562164c6d,fe06dd9a-d747-40b3-9e5b-4d357c6897b3,a,"[{""type"": ""text"", ""html"": ""<p>Unity (1) and specifies direction only</p>""}]",Unity (1) and specifies direction only,1
d948f51d-6ed3-4e81-a635-3a4d5ee9a67e,fe06dd9a-d747-40b3-9e5b-4d357c6897b3,b,"[{""type"": ""text"", ""html"": ""<p>Zero</p>""}]",Zero,2
60a36881-bf10-43ba-977b-f4a710090efa,fe06dd9a-d747-40b3-9e5b-4d357c6897b3,c,"[{""type"": ""text"", ""html"": ""<p>Variable</p>""}]",Variable,3
5074f0a2-50c4-4e62-8512-c52e427d6e33,fe06dd9a-d747-40b3-9e5b-4d357c6897b3,d,"[{""type"": ""text"", ""html"": ""<p>Equal to the magnitude of the original vector</p>""}]",Equal to the magnitude of the original vector,4
3883012a-c160-4f82-a040-d5952261f6e3,55819564-339a-4232-ac49-7003e24ed0ca,a,"[{""type"": ""text"", ""html"": ""<p>\\(\\hat{A} = \\frac{\\vec{A}}{|\\vec{A}|}\\)</p>""}]",\(\hat{A} = \frac{\vec{A}}{|\vec{A}|}\),1
9eb86975-be1a-4801-ad01-813bdb15b066,55819564-339a-4232-ac49-7003e24ed0ca,b,"[{""type"": ""text"", ""html"": ""<p>\\(\\hat{A} = \\vec{A} \\cdot |\\vec{A}|\\)</p>""}]",\(\hat{A} = \vec{A} \cdot |\vec{A}|\),2
97175699-ea20-4b83-b6d9-745f016a29f0,55819564-339a-4232-ac49-7003e24ed0ca,c,"[{""type"": ""text"", ""html"": ""<p>\\(\\hat{A} = \\frac{|\\vec{A}|}{\\vec{A}}\\) </p>""}]",\(\hat{A} = \frac{|\vec{A}|}{\vec{A}}\) ,3
b448d45c-af80-4c4b-b6a6-dd784dd9f1a9,55819564-339a-4232-ac49-7003e24ed0ca,d,"[{""type"": ""text"", ""html"": ""<p>\\(\\hat{A} = \\vec{A} \\times \\vec{A}\\)</p>""}]",\(\hat{A} = \vec{A} \times \vec{A}\),4
0291901a-b97b-4edf-8091-4e678d449bc6,b4607112-0e89-4392-81f9-0123353d6a5d,a,"[{""type"": ""text"", ""html"": ""<p>\\(R = \\sqrt{A^2 + B^2 + 2AB\\cos\\theta}\\)</p>""}]",\(R = \sqrt{A^2 + B^2 + 2AB\cos\theta}\),1
a08a7e96-302c-438c-9f0f-ea385cd7861a,b4607112-0e89-4392-81f9-0123353d6a5d,b,"[{""type"": ""text"", ""html"": ""<p>\\(R = \\sqrt{A^2 + B^2 - 2AB\\cos\\theta}\\)</p>""}]",\(R = \sqrt{A^2 + B^2 - 2AB\cos\theta}\),2
ccda7dd9-0685-4583-a8c4-3dc3e31d470e,b4607112-0e89-4392-81f9-0123353d6a5d,c,"[{""type"": ""text"", ""html"": ""<p>\\(R = A + B + 2AB\\cos\\theta\\)</p>""}]",\(R = A + B + 2AB\cos\theta\),3
757c3f7b-b269-4db3-bd37-21218da37f63,b4607112-0e89-4392-81f9-0123353d6a5d,d,"[{""type"": ""text"", ""html"": ""<p>\\(R = \\sqrt{A^2 + B^2 + 2AB\\sin\\theta}\\)</p>""}]",\(R = \sqrt{A^2 + B^2 + 2AB\sin\theta}\),4
2f17d723-94ab-4623-84aa-465383237cb4,ca02c972-fbaf-4a23-ab04-75f1978f00e9,a,"[{""type"": ""text"", ""html"": ""<p>\\(\\tan\\alpha = \\frac{B\\sin\\theta}{A + B\\cos\\theta}\\)</p>""}]",\(\tan\alpha = \frac{B\sin\theta}{A + B\cos\theta}\),1
9039f2cf-889f-4478-ae3e-c81daaad6f04,ca02c972-fbaf-4a23-ab04-75f1978f00e9,b,"[{""type"": ""text"", ""html"": ""<p>\\(\\tan\\alpha = \\frac{A\\sin\\theta}{B + A\\cos\\theta}\\)</p>""}]",\(\tan\alpha = \frac{A\sin\theta}{B + A\cos\theta}\),2
d659a12b-7a56-4275-9e60-a837d4f2e283,ca02c972-fbaf-4a23-ab04-75f1978f00e9,c,"[{""type"": ""text"", ""html"": ""<p>\\(\\tan\\alpha = \\frac{B\\cos\\theta}{A + B\\sin\\theta}\\)</p>""}]",\(\tan\alpha = \frac{B\cos\theta}{A + B\sin\theta}\),3
814f7d16-da11-4846-8dc1-19d1548c2aa3,ca02c972-fbaf-4a23-ab04-75f1978f00e9,d,"[{""type"": ""text"", ""html"": ""<p>\\(\\tan\\alpha = \\frac{A + B\\cos\\theta}{B\\sin\\theta}\\)</p>""}]",\(\tan\alpha = \frac{A + B\cos\theta}{B\sin\theta}\),4
1883e708-8309-4f82-877e-a5dfcb6b9317,063f8b81-7876-4a80-b9a6-b7b13b6ee4e2,a,"[{""type"": ""text"", ""html"": ""<p>\\(120^\\circ\\)</p>""}]",\(120^\circ\),1
d33bdcd7-c580-466f-9b30-d66b98892ef0,063f8b81-7876-4a80-b9a6-b7b13b6ee4e2,b,"[{""type"": ""text"", ""html"": ""<p>\\(60^\\circ\\)</p>""}]",\(60^\circ\),2
e106f72e-a414-429f-a912-81c3140ceae5,063f8b81-7876-4a80-b9a6-b7b13b6ee4e2,c,"[{""type"": ""text"", ""html"": ""<p>\\(90^\\circ\\)</p>""}]",\(90^\circ\),3
965c6710-10d5-4c68-a152-162725acdc7e,063f8b81-7876-4a80-b9a6-b7b13b6ee4e2,d,"[{""type"": ""text"", ""html"": ""<p>\\(180^\\circ\\)</p>""}]",\(180^\circ\),4
3c1fba36-ad9e-4a67-b3a2-83913e3b7dd1,617bbd87-0e6c-4f59-8407-3cfa82ad58c9,a,"[{""type"": ""text"", ""html"": ""<p>A-(iv), B-(i), C-(ii), D-(iii)</p>""}]","A-(iv), B-(i), C-(ii), D-(iii)",1
b15907e2-91b5-4705-81a5-9148b8d4b6af,617bbd87-0e6c-4f59-8407-3cfa82ad58c9,b,"[{""type"": ""text"", ""html"": ""<p>A-(i), B-(ii), C-(iii), D-(iv)</p>""}]","A-(i), B-(ii), C-(iii), D-(iv)",2
d8a3d631-f488-42a2-bd09-fe9bdd5dda9b,617bbd87-0e6c-4f59-8407-3cfa82ad58c9,c,"[{""type"": ""text"", ""html"": ""<p>A-(ii), B-(iv), C-(i), D-(iii)</p>""}]","A-(ii), B-(iv), C-(i), D-(iii)",3
5f823c69-a812-4c13-83a3-3e21efe44547,617bbd87-0e6c-4f59-8407-3cfa82ad58c9,d,"[{""type"": ""text"", ""html"": ""<p>A-(iii), B-(i), C-(iv), D-(ii)</p>""}]","A-(iii), B-(i), C-(iv), D-(ii)",4
45e71bb9-f311-4987-ba6f-50e65f0ed1f4,64382c18-7e83-437d-af75-4a052ef987f8,a,"[{""type"": ""text"", ""html"": ""<p>\\(R = \\sqrt{12^2 + 5^2} = 13 \\text{ N}\\)</p>""}]",\(R = \sqrt{12^2 + 5^2} = 13 \text{ N}\),1
a34db09c-a4c4-44e2-9547-a067f47f883c,64382c18-7e83-437d-af75-4a052ef987f8,b,"[{""type"": ""text"", ""html"": ""<p>\\(15 \\text{ N}\\)</p>""}]",\(15 \text{ N}\),2
ba0196fd-809e-459b-9a03-7a5bc5bc9c07,64382c18-7e83-437d-af75-4a052ef987f8,c,"[{""type"": ""text"", ""html"": ""<p>\\(10 \\text{ N}\\)</p>""}]",\(10 \text{ N}\),3
cf08804b-2da2-46b0-bb9e-428e0e71362b,64382c18-7e83-437d-af75-4a052ef987f8,d,"[{""type"": ""text"", ""html"": ""<p>\\(17 \\text{ N}\\)</p>""}]",\(17 \text{ N}\),4
90f1d703-b0ad-49c6-b640-e39628f35e1a,4576902c-1f9c-4a31-abe7-7f2cd7c657be,a,"[{""type"": ""text"", ""html"": ""<p>\\(\\vec{A} \\cdot \\vec{B} = AB\\cos\\theta\\)</p>""}]",\(\vec{A} \cdot \vec{B} = AB\cos\theta\),1
d5b31947-ffdc-4250-a84a-87ba14d289c7,4576902c-1f9c-4a31-abe7-7f2cd7c657be,b,"[{""type"": ""text"", ""html"": ""<p>\\(\\vec{A} \\cdot \\vec{B} = AB\\sin\\theta\\)</p>""}]",\(\vec{A} \cdot \vec{B} = AB\sin\theta\),2
6370c943-3b38-4c35-9151-e03a9816edd1,4576902c-1f9c-4a31-abe7-7f2cd7c657be,c,"[{""type"": ""text"", ""html"": ""<p>\\(\\vec{A} \\cdot \\vec{B} = \\frac{A}{B}\\cos\\theta\\)</p>""}]",\(\vec{A} \cdot \vec{B} = \frac{A}{B}\cos\theta\),3
3def88f2-43db-44b2-8060-329e09bbb959,4576902c-1f9c-4a31-abe7-7f2cd7c657be,d,"[{""type"": ""text"", ""html"": ""<p>\\(\\vec{A} \\cdot \\vec{B} = -AB\\sin\\theta\\)</p>""}]",\(\vec{A} \cdot \vec{B} = -AB\sin\theta\),4
0c5ec817-994b-44f2-a7b9-1272de6cfd88,e448e4de-12b5-4e9b-8b44-536c01311fd8,a,"[{""type"": ""text"", ""html"": ""<p>\\(\\vec{A} \\cdot \\vec{B} = 0\\)</p>""}]",\(\vec{A} \cdot \vec{B} = 0\),1
3738a4b9-8bac-4093-a058-753e692d364d,e448e4de-12b5-4e9b-8b44-536c01311fd8,b,"[{""type"": ""text"", ""html"": ""<p>\\(\\vec{A} \\times \\vec{B} = 0\\)</p>""}]",\(\vec{A} \times \vec{B} = 0\),2
4ffce61b-046d-4efc-99f1-2a9da18ca7f0,e448e4de-12b5-4e9b-8b44-536c01311fd8,c,"[{""type"": ""text"", ""html"": ""<p>\\(\\vec{A} \\cdot \\vec{B} = AB\\)</p>""}]",\(\vec{A} \cdot \vec{B} = AB\),3
8302de59-537e-4cdb-b68c-9135cf480097,e448e4de-12b5-4e9b-8b44-536c01311fd8,d,"[{""type"": ""text"", ""html"": ""<p>\\(|\\vec{A}| = |\\vec{B}|\\)</p>""}]",\(|\vec{A}| = |\vec{B}|\),4
4047c635-0fe7-4857-ae9e-9b9177dac42c,3b909436-18e4-4d45-a888-3362d2262dd9,a,"[{""type"": ""text"", ""html"": ""<p>\\(\\hat{i} \\cdot \\hat{i} = \\hat{j} \\cdot \\hat{j} = \\hat{k} \\cdot \\hat{k} = 1\\) and \\(\\hat{i} \\cdot \\hat{j} = \\hat{j} \\cdot \\hat{k} = \\hat{k} \\cdot \\hat{i} = 0\\)</p>""}]",\(\hat{i} \cdot \hat{i} = \hat{j} \cdot \hat{j} = \hat{k} \cdot \hat{k} = 1\) and \(\hat{i} \cdot \hat{j} = \hat{j} \cdot \hat{k} = \hat{k} \cdot \hat{i} = 0\),1
09494f25-40ba-4f5d-8fa3-2178c4043e95,3b909436-18e4-4d45-a888-3362d2262dd9,b,"[{""type"": ""text"", ""html"": ""<p>\\(\\hat{i} \\cdot \\hat{i} = 0\\)</p>""}]",\(\hat{i} \cdot \hat{i} = 0\),2
11eabc10-8c38-473d-bfd2-01e78cdcdd56,3b909436-18e4-4d45-a888-3362d2262dd9,c,"[{""type"": ""text"", ""html"": ""<p>\\(\\hat{i} \\times \\hat{i} = 1\\)</p>""}]",\(\hat{i} \times \hat{i} = 1\),3
7419f28a-5986-4241-bbdc-4afb51085288,3b909436-18e4-4d45-a888-3362d2262dd9,d,"[{""type"": ""text"", ""html"": ""<p>\\(\\hat{i} \\cdot \\hat{j} = 1\\)</p>""}]",\(\hat{i} \cdot \hat{j} = 1\),4
de2009ea-e70f-4d6c-ac0b-4355bd43f6fe,26086182-87e3-46d8-880d-8dbfc82c7e55,a,"[{""type"": ""text"", ""html"": ""<p>\\(\\vec{A} \\times \\vec{B} = AB\\sin\\theta \\,\\hat{n}\\)</p>""}]","\(\vec{A} \times \vec{B} = AB\sin\theta \,\hat{n}\)",1
87f216d3-b8f7-48d3-9709-6395875b7f94,26086182-87e3-46d8-880d-8dbfc82c7e55,b,"[{""type"": ""text"", ""html"": ""<p>\\(\\vec{A} \\times \\vec{B} = AB\\cos\\theta\\)</p>""}]",\(\vec{A} \times \vec{B} = AB\cos\theta\),2
05bea33c-0bce-4575-a769-c03099d798c1,26086182-87e3-46d8-880d-8dbfc82c7e55,c,"[{""type"": ""text"", ""html"": ""<p>\\(\\vec{A} \\times \\vec{B} = \\vec{B} \\times \\vec{A}\\)</p>""}]",\(\vec{A} \times \vec{B} = \vec{B} \times \vec{A}\),3
141ec84a-97fb-4ae4-ac79-46a0c049f9d6,26086182-87e3-46d8-880d-8dbfc82c7e55,d,"[{""type"": ""text"", ""html"": ""<p>\\(\\vec{A} \\times \\vec{B} = 0\\) always</p>""}]",\(\vec{A} \times \vec{B} = 0\) always,4
268fcc5e-888e-4479-b7b9-a759d977aff9,5b8bc329-5f5b-416c-bc43-4f3a3d03d584,a,"[{""type"": ""text"", ""html"": ""<p>\\(\\vec{A} \\times \\vec{B} = 0\\)</p>""}]",\(\vec{A} \times \vec{B} = 0\),1
9c62153d-653b-4d17-a727-82531f44b426,5b8bc329-5f5b-416c-bc43-4f3a3d03d584,b,"[{""type"": ""text"", ""html"": ""<p>\\(\\vec{A} \\cdot \\vec{B} = 0\\)</p>""}]",\(\vec{A} \cdot \vec{B} = 0\),2
28e38f8c-b676-4972-b0ff-395237130651,5b8bc329-5f5b-416c-bc43-4f3a3d03d584,c,"[{""type"": ""text"", ""html"": ""<p>\\(\\vec{A} + \\vec{B} = 0\\)</p>""}]",\(\vec{A} + \vec{B} = 0\),3
7fb96996-456a-4f3a-a720-8605ef5d9c4e,5b8bc329-5f5b-416c-bc43-4f3a3d03d584,d,"[{""type"": ""text"", ""html"": ""<p>\\(|\\vec{A}| = |\\vec{B}|\\)</p>""}]",\(|\vec{A}| = |\vec{B}|\),4
bb661fee-dc33-4312-95bc-85da2aaa8819,83ef931a-374a-42c3-a415-aa861ec20b31,a,"[{""type"": ""text"", ""html"": ""<p>\\(\\hat{i} \\times \\hat{j} = \\hat{k},\\quad \\hat{j} \\times \\hat{k} = \\hat{i},\\quad \\hat{k} \\times \\hat{i} = \\hat{j}\\)</p>""}]","\(\hat{i} \times \hat{j} = \hat{k},\quad \hat{j} \times \hat{k} = \hat{i},\quad \hat{k} \times \hat{i} = \hat{j}\)",1
a78f3b03-d52e-494e-9cb3-5789aca64826,83ef931a-374a-42c3-a415-aa861ec20b31,b,"[{""type"": ""text"", ""html"": ""<p>\\(\\hat{i} \\times \\hat{j} = -\\hat{k}\\)</p>""}]",\(\hat{i} \times \hat{j} = -\hat{k}\),2
53826746-b733-465f-8899-3eaa9a0e3c16,83ef931a-374a-42c3-a415-aa861ec20b31,c,"[{""type"": ""text"", ""html"": ""<p>\\(\\hat{i} \\times \\hat{i} = 1\\)</p>""}]",\(\hat{i} \times \hat{i} = 1\),3
a27aadc6-be2c-4184-8585-f7bcdbff09c8,83ef931a-374a-42c3-a415-aa861ec20b31,d,"[{""type"": ""text"", ""html"": ""<p>\\(\\hat{j} \\times \\hat{i} = \\hat{k}\\)</p>""}]",\(\hat{j} \times \hat{i} = \hat{k}\),4
aebe5557-8af4-48cc-a8da-4c32fa7e4746,d887e92f-10ea-4d8a-ae50-dc04bfd2a127,a,"[{""type"": ""text"", ""html"": ""<p>\\(\\vec{A} \\times \\vec{B} = -(\\vec{B} \\times \\vec{A})\\)</p>""}]",\(\vec{A} \times \vec{B} = -(\vec{B} \times \vec{A})\),1
9451cbcb-e37f-4574-9c9a-3e53453b8f3b,d887e92f-10ea-4d8a-ae50-dc04bfd2a127,b,"[{""type"": ""text"", ""html"": ""<p>\\(\\vec{A} \\times \\vec{B} = \\vec{B} \\times \\vec{A}\\)</p>""}]",\(\vec{A} \times \vec{B} = \vec{B} \times \vec{A}\),2
a865207a-5fa9-46c0-8e6e-d2e913d3dcb2,d887e92f-10ea-4d8a-ae50-dc04bfd2a127,c,"[{""type"": ""text"", ""html"": ""<p>\\(\\vec{A} \\cdot \\vec{B} = -(\\vec{B} \\cdot \\vec{A})\\)</p>""}]",\(\vec{A} \cdot \vec{B} = -(\vec{B} \cdot \vec{A})\),3
b0858b98-9433-48dd-a1c6-68bdf5ba0f8b,d887e92f-10ea-4d8a-ae50-dc04bfd2a127,d,"[{""type"": ""text"", ""html"": ""<p>\\(\\vec{A} \\times \\vec{B} = 0\\)</p>""}]",\(\vec{A} \times \vec{B} = 0\),4
40d164d9-5715-4980-8700-d6fd0815bb29,54a79dcd-e74b-4f54-bf1a-da66478e0e3e,a,"[{""type"": ""text"", ""html"": ""<p>\\(|\\vec{A} \\times \\vec{B}|\\)</p>""}]",\(|\vec{A} \times \vec{B}|\),1
9854eb85-2a12-40e4-b82d-6a6a8d95a81b,54a79dcd-e74b-4f54-bf1a-da66478e0e3e,b,"[{""type"": ""text"", ""html"": ""<p>\\(\\frac{1}{2}|\\vec{A} \\times \\vec{B}|\\)</p>""}]",\(\frac{1}{2}|\vec{A} \times \vec{B}|\),2
5f9ba765-f3b4-4b0a-a7c8-e1f6a9a08638,54a79dcd-e74b-4f54-bf1a-da66478e0e3e,c,"[{""type"": ""text"", ""html"": ""<p>\\(\\vec{A} \\cdot \\vec{B}\\)</p>""}]",\(\vec{A} \cdot \vec{B}\),3
662d87f5-e318-429e-86c6-bdd2d051ccf1,54a79dcd-e74b-4f54-bf1a-da66478e0e3e,d,"[{""type"": ""text"", ""html"": ""<p>\\(AB\\cos\\theta\\)</p>""}]",\(AB\cos\theta\),4
abe9946e-d1a4-4929-be61-ff4eef011962,bc5eb3b5-03fa-4bb5-8c27-c16fb9968fb0,a,"[{""type"": ""text"", ""html"": ""<p>\\(\\frac{1}{2}|\\vec{A} \\times \\vec{B}|\\)</p>""}]",\(\frac{1}{2}|\vec{A} \times \vec{B}|\),1
cc27a0f0-d6b8-49c9-b824-23ed8b1719df,bc5eb3b5-03fa-4bb5-8c27-c16fb9968fb0,b,"[{""type"": ""text"", ""html"": ""<p>\\(|\\vec{A} \\times \\vec{B}|\\)</p>""}]",\(|\vec{A} \times \vec{B}|\),2
b2f9cbce-1f20-47f9-83c7-ef655fa733b8,bc5eb3b5-03fa-4bb5-8c27-c16fb9968fb0,c,"[{""type"": ""text"", ""html"": ""<p>\\(\\vec{A} \\cdot \\vec{B}\\)</p>""}]",\(\vec{A} \cdot \vec{B}\),3
dadf755f-45c9-410a-aa42-46c278bce839,bc5eb3b5-03fa-4bb5-8c27-c16fb9968fb0,d,"[{""type"": ""text"", ""html"": ""<p>\\(2|\\vec{A} \\times \\vec{B}|\\)</p>""}]",\(2|\vec{A} \times \vec{B}|\),4
9808cb66-3083-4cb9-8802-ca7bf1f3ee1d,295c6811-882d-499f-bbeb-213065ed2b4d,a,"[{""type"": ""text"", ""html"": ""<p>\\(2(4) + 3(-2) + 4(3) = 8 - 6 + 12 = 14\\)</p>""}]",\(2(4) + 3(-2) + 4(3) = 8 - 6 + 12 = 14\),1
5328d53b-1d32-41ea-9139-cf553e855c2c,295c6811-882d-499f-bbeb-213065ed2b4d,b,"[{""type"": ""text"", ""html"": ""<p>\\(26\\)</p>""}]",\(26\),2
8b897f89-b1d8-4dc0-8633-69b76f313ef3,295c6811-882d-499f-bbeb-213065ed2b4d,c,"[{""type"": ""text"", ""html"": ""<p>\\(10\\)</p>""}]",\(10\),3
da25f35a-a42a-4b9f-80c8-8d782d9949fe,295c6811-882d-499f-bbeb-213065ed2b4d,d,"[{""type"": ""text"", ""html"": ""<p>\\(0\\)</p>""}]",\(0\),4
528f3b8d-1c77-4bf2-a3c0-f668f7fbd855,d42601d5-3c61-4ae3-a0e6-ed90a5e2397d,a,"[{""type"": ""text"", ""html"": ""<p>Gravity alone (ignoring air resistance)</p>""}]",Gravity alone (ignoring air resistance),1
68a4cd4f-c1df-450a-af35-b7bc83169b22,d42601d5-3c61-4ae3-a0e6-ed90a5e2397d,b,"[{""type"": ""text"", ""html"": ""<p>Friction and gravity</p>""}]",Friction and gravity,2
1d86b5a5-0d61-4b7d-8d9d-fdaf0e478959,d42601d5-3c61-4ae3-a0e6-ed90a5e2397d,c,"[{""type"": ""text"", ""html"": ""<p>Constant engine thrust</p>""}]",Constant engine thrust,3
97c82c1c-506e-4ee9-b3d3-3b405d8bb73b,d42601d5-3c61-4ae3-a0e6-ed90a5e2397d,d,"[{""type"": ""text"", ""html"": ""<p>Magnetic force</p>""}]",Magnetic force,4
cbf409bc-743b-4349-99cf-2b9bab274e1f,c3afd1dc-b2cc-4d8e-bc6d-bbb58e16467a,a,"[{""type"": ""text"", ""html"": ""<p>Parabola</p>""}]",Parabola,1
b4d21d46-898c-445d-b2cc-b5473903d46f,c3afd1dc-b2cc-4d8e-bc6d-bbb58e16467a,b,"[{""type"": ""text"", ""html"": ""<p>Straight line</p>""}]",Straight line,2
9c7c0c97-3c63-43e5-870d-095c44785c55,c3afd1dc-b2cc-4d8e-bc6d-bbb58e16467a,c,"[{""type"": ""text"", ""html"": ""<p>Circle</p>""}]",Circle,3
2c42ee62-02f5-45db-9772-11a51eb4f374,c3afd1dc-b2cc-4d8e-bc6d-bbb58e16467a,d,"[{""type"": ""text"", ""html"": ""<p>Hyperbola</p>""}]",Hyperbola,4
b9476c61-d7e9-4cb6-bfbd-2f45be80e855,4cfe4a49-39bd-4131-b6cf-001ba439ab4f,a,"[{""type"": ""text"", ""html"": ""<p>Remains constant (\\(u_x = u\\cos\\theta\\))</p>""}]",Remains constant (\(u_x = u\cos\theta\)),1
f8b2f12d-1bc5-46a8-9501-fa9a303e577c,4cfe4a49-39bd-4131-b6cf-001ba439ab4f,b,"[{""type"": ""text"", ""html"": ""<p>Increases continuously</p>""}]",Increases continuously,2
01807c63-5005-4650-af48-9c016bceb9bf,4cfe4a49-39bd-4131-b6cf-001ba439ab4f,c,"[{""type"": ""text"", ""html"": ""<p>Decreases continuously</p>""}]",Decreases continuously,3
48f4601e-fcb6-455c-a3d6-aebf53f95ef6,4cfe4a49-39bd-4131-b6cf-001ba439ab4f,d,"[{""type"": ""text"", ""html"": ""<p>Becomes zero at highest point</p>""}]",Becomes zero at highest point,4
7121ad64-d3c1-4c1d-8e3d-5f0b0a8a7302,6cb70a76-9463-4edd-a3e3-04cce0f770a1,a,"[{""type"": ""text"", ""html"": ""<p>Zero, while velocity is \\(u\\cos\\theta\\) directed horizontally</p>""}]","Zero, while velocity is \(u\cos\theta\) directed horizontally",1
9e82e86d-1e2d-4056-a8c5-c045e5729358,6cb70a76-9463-4edd-a3e3-04cce0f770a1,b,"[{""type"": ""text"", ""html"": ""<p>\\(u\\sin\\theta\\)</p>""}]",\(u\sin\theta\),2
9adfd9f5-9eb1-4b8b-b0da-0904fef6aa3c,6cb70a76-9463-4edd-a3e3-04cce0f770a1,c,"[{""type"": ""text"", ""html"": ""<p>\\(u\\)</p>""}]",\(u\),3
82a9be11-ab06-4b08-9ac3-faaade975451,6cb70a76-9463-4edd-a3e3-04cce0f770a1,d,"[{""type"": ""text"", ""html"": ""<p>Infinite</p>""}]",Infinite,4
efe2f3d8-12cf-4b0d-bc1b-b679159d61b2,ad7f3caf-a58f-4c59-a041-b481759331ac,a,"[{""type"": ""text"", ""html"": ""<p>\\(T = \\frac{2u\\sin\\theta}{g}\\)</p>""}]",\(T = \frac{2u\sin\theta}{g}\),1
847d8dec-531c-461c-b42b-a065e54cea21,ad7f3caf-a58f-4c59-a041-b481759331ac,b,"[{""type"": ""text"", ""html"": ""<p>\\(T = \\frac{u\\sin\\theta}{g}\\)</p>""}]",\(T = \frac{u\sin\theta}{g}\),2
6da4a5b5-dc27-42db-87be-4327274e8aa5,ad7f3caf-a58f-4c59-a041-b481759331ac,c,"[{""type"": ""text"", ""html"": ""<p>\\(T = \\frac{2u\\cos\\theta}{g}\\)</p>""}]",\(T = \frac{2u\cos\theta}{g}\),3
b4aef10d-e438-4a4f-acc0-8f5b0ece436c,ad7f3caf-a58f-4c59-a041-b481759331ac,d,"[{""type"": ""text"", ""html"": ""<p>\\(T = \\frac{u^2\\sin^2\\theta}{2g}\\)</p>""}]",\(T = \frac{u^2\sin^2\theta}{2g}\),4
584edb8b-449b-49c5-b7bb-8ecf70b7fecc,a90c3861-5fe5-470e-a32e-6449493600f9,a,"[{""type"": ""text"", ""html"": ""<p>\\(H = \\frac{u^2\\sin^2\\theta}{2g}\\)</p>""}]",\(H = \frac{u^2\sin^2\theta}{2g}\),1
fdde183b-6c54-4347-bdee-bd2b81349c2b,a90c3861-5fe5-470e-a32e-6449493600f9,b,"[{""type"": ""text"", ""html"": ""<p>\\(H = \\frac{u^2\\sin 2\\theta}{g}\\)</p>""}]",\(H = \frac{u^2\sin 2\theta}{g}\),2
d600641a-f5d3-4c75-b70b-bf11e9945dd2,a90c3861-5fe5-470e-a32e-6449493600f9,c,"[{""type"": ""text"", ""html"": ""<p>\\(H = \\frac{u\\sin\\theta}{2g}\\)</p>""}]",\(H = \frac{u\sin\theta}{2g}\),3
79785c98-7d41-4215-91be-ccd5f5987c04,a90c3861-5fe5-470e-a32e-6449493600f9,d,"[{""type"": ""text"", ""html"": ""<p>\\(H = \\frac{u^2\\cos^2\\theta}{2g}\\)</p>""}]",\(H = \frac{u^2\cos^2\theta}{2g}\),4
a4efba44-dc8a-4bb9-8520-c728fc2395b9,58c23604-5e1a-4117-95db-c9919079bfce,a,"[{""type"": ""text"", ""html"": ""<p>\\(R = \\frac{u^2\\sin 2\\theta}{g}\\)</p>""}]",\(R = \frac{u^2\sin 2\theta}{g}\),1
8016ec4f-23fd-4c07-8764-dcb1812997c4,58c23604-5e1a-4117-95db-c9919079bfce,b,"[{""type"": ""text"", ""html"": ""<p>\\(R = \\frac{u^2\\sin^2\\theta}{g}\\)</p>""}]",\(R = \frac{u^2\sin^2\theta}{g}\),2
7c4f1c95-df46-424a-b279-037d8cee3b6b,58c23604-5e1a-4117-95db-c9919079bfce,c,"[{""type"": ""text"", ""html"": ""<p>\\(R = \\frac{2u^2\\sin\\theta}{g}\\)</p>""}]",\(R = \frac{2u^2\sin\theta}{g}\),3
812bb889-e875-4020-b1d4-fd39b092d269,58c23604-5e1a-4117-95db-c9919079bfce,d,"[{""type"": ""text"", ""html"": ""<p>\\(R = \\frac{u^2\\cos 2\\theta}{g}\\)</p>""}]",\(R = \frac{u^2\cos 2\theta}{g}\),4
46b74a69-9741-4cee-b3ee-6fd60ad182cc,db9f7e7d-ab8a-4082-949c-2a954750a5b7,a,"[{""type"": ""text"", ""html"": ""<p>\\(45^\\circ\\)</p>""}]",\(45^\circ\),1
095aef74-b85d-4ed0-8274-cb5e0ff53045,db9f7e7d-ab8a-4082-949c-2a954750a5b7,b,"[{""type"": ""text"", ""html"": ""<p>\\(90^\\circ\\)</p>""}]",\(90^\circ\),2
e0dad352-faee-4a17-9ffd-9328d10559ad,db9f7e7d-ab8a-4082-949c-2a954750a5b7,c,"[{""type"": ""text"", ""html"": ""<p>\\(30^\\circ\\)</p>""}]",\(30^\circ\),3
5711ce49-0267-4bcf-b98e-c9fc24ac6775,db9f7e7d-ab8a-4082-949c-2a954750a5b7,d,"[{""type"": ""text"", ""html"": ""<p>\\(60^\\circ\\)</p>""}]",\(60^\circ\),4
8507c583-076a-463d-9d2d-1752761af982,8be4af71-95d9-4970-ac73-1d734f633893,a,"[{""type"": ""text"", ""html"": ""<p>\\(R_{\\text{max}} = \\frac{u^2}{g}\\)</p>""}]",\(R_{\text{max}} = \frac{u^2}{g}\),1
7c25a267-0076-4888-a136-30a93853e026,8be4af71-95d9-4970-ac73-1d734f633893,b,"[{""type"": ""text"", ""html"": ""<p>\\(R_{\\text{max}} = \\frac{u^2}{2g}\\)</p>""}]",\(R_{\text{max}} = \frac{u^2}{2g}\),2
03299d49-6048-4cba-97e5-52b6cd9f9c62,8be4af71-95d9-4970-ac73-1d734f633893,c,"[{""type"": ""text"", ""html"": ""<p>\\(R_{\\text{max}} = \\frac{2u^2}{g}\\)</p>""}]",\(R_{\text{max}} = \frac{2u^2}{g}\),3
7ec1004a-1f21-4954-a1c7-43ff6a24b970,8be4af71-95d9-4970-ac73-1d734f633893,d,"[{""type"": ""text"", ""html"": ""<p>\\(R_{\\text{max}} = \\frac{u}{g}\\)</p>""}]",\(R_{\text{max}} = \frac{u}{g}\),4
7e8f1536-a8c6-47f2-bad7-ddd3c57847b3,d8eaa449-95e6-4f7a-b5f2-27400269aab1,a,"[{""type"": ""text"", ""html"": ""<p>\\(H = \\frac{R_{\\text{max}}}{4}\\)</p>""}]",\(H = \frac{R_{\text{max}}}{4}\),1
bd2197d4-6fa3-4bfd-afb9-afe0827280d4,d8eaa449-95e6-4f7a-b5f2-27400269aab1,b,"[{""type"": ""text"", ""html"": ""<p>\\(H = \\frac{R_{\\text{max}}}{2}\\)</p>""}]",\(H = \frac{R_{\text{max}}}{2}\),2
e72cdc44-85f6-422d-a4e7-21d14d5697dd,d8eaa449-95e6-4f7a-b5f2-27400269aab1,c,"[{""type"": ""text"", ""html"": ""<p>\\(H = R_{\\text{max}}\\) </p>""}]",\(H = R_{\text{max}}\) ,3
fe4cea50-52c7-48ed-b43a-5acf7b68f82b,d8eaa449-95e6-4f7a-b5f2-27400269aab1,d,"[{""type"": ""text"", ""html"": ""<p>\\(H = 4R_{\\text{max}}\\)</p>""}]",\(H = 4R_{\text{max}}\),4
7ec1652c-d910-41cf-a9ad-c9e096638743,b46dfcef-b0d7-428f-a5c9-59303dd90f7d,a,"[{""type"": ""text"", ""html"": ""<p>\\(\\theta\\) and \\((90^\\circ - \\theta)\\)</p>""}]",\(\theta\) and \((90^\circ - \theta)\),1
dacc3d28-6985-4d74-8920-96f8eef46ee5,b46dfcef-b0d7-428f-a5c9-59303dd90f7d,b,"[{""type"": ""text"", ""html"": ""<p>\\(\\theta\\) and \\((180^\\circ - \\theta)\\)</p>""}]",\(\theta\) and \((180^\circ - \theta)\),2
2ae6e1d1-0fa5-4dcb-9bd8-21fb2959f737,b46dfcef-b0d7-428f-a5c9-59303dd90f7d,c,"[{""type"": ""text"", ""html"": ""<p>\\(\\theta\\) and \\((45^\\circ - \\theta)\\)</p>""}]",\(\theta\) and \((45^\circ - \theta)\),3
bec9537f-2257-4705-9bb7-65137b91baa7,b46dfcef-b0d7-428f-a5c9-59303dd90f7d,d,"[{""type"": ""text"", ""html"": ""<p>\\(\\theta\\) and \\((60^\\circ - \\theta)\\)</p>""}]",\(\theta\) and \((60^\circ - \theta)\),4
63cd2ae8-b28b-45e9-8c84-c49a10da7cfc,37d3c4e3-7dfb-4ed8-9cd5-b8abf490edac,a,"[{""type"": ""text"", ""html"": ""<p>\\(T_1 T_2 = \\frac{2R}{g}\\)</p>""}]",\(T_1 T_2 = \frac{2R}{g}\),1
0c0a735c-e5e8-4296-94ae-60a78349276d,37d3c4e3-7dfb-4ed8-9cd5-b8abf490edac,b,"[{""type"": ""text"", ""html"": ""<p>\\(T_1 T_2 = \\frac{R}{2g}\\)</p>""}]",\(T_1 T_2 = \frac{R}{2g}\),2
d6b12838-8d63-4216-8f3c-60a292bbd375,37d3c4e3-7dfb-4ed8-9cd5-b8abf490edac,c,"[{""type"": ""text"", ""html"": ""<p>\\(T_1 + T_2 = \\frac{R}{g}\\)</p>""}]",\(T_1 + T_2 = \frac{R}{g}\),3
d8f91cd2-f872-401f-aea5-4a89b4c68822,37d3c4e3-7dfb-4ed8-9cd5-b8abf490edac,d,"[{""type"": ""text"", ""html"": ""<p>\\(T_1 T_2 = \\frac{R^2}{g}\\)</p>""}]",\(T_1 T_2 = \frac{R^2}{g}\),4
7f4c64cb-7baf-4b85-b4b1-36d4c8f3abc3,a45cc308-7f97-4162-8f79-242da4805215,a,"[{""type"": ""text"", ""html"": ""<p>\\(y = x\\tan\\theta - \\frac{g x^2}{2u^2\\cos^2\\theta} = x\\tan\\theta\\left(1 - \\frac{x}{R}\\right)\\)</p>""}]",\(y = x\tan\theta - \frac{g x^2}{2u^2\cos^2\theta} = x\tan\theta\left(1 - \frac{x}{R}\right)\),1
f3b21d7a-ceaf-4545-931d-74445a1c1fd3,a45cc308-7f97-4162-8f79-242da4805215,b,"[{""type"": ""text"", ""html"": ""<p>\\(y = x\\cot\\theta - \\frac{g x^2}{2u^2\\sin^2\\theta}\\)</p>""}]",\(y = x\cot\theta - \frac{g x^2}{2u^2\sin^2\theta}\),2
b56bf56c-d82a-40d8-bd05-73210e138ab6,a45cc308-7f97-4162-8f79-242da4805215,c,"[{""type"": ""text"", ""html"": ""<p>\\(y = x\\sin\\theta - gx^2\\)</p>""}]",\(y = x\sin\theta - gx^2\),3
e612e50f-87dd-4355-9137-491576a86631,a45cc308-7f97-4162-8f79-242da4805215,d,"[{""type"": ""text"", ""html"": ""<p>\\(y = x\\cos\\theta - \\frac{gx^2}{u^2}\\)</p>""}]",\(y = x\cos\theta - \frac{gx^2}{u^2}\),4
0d8943d2-0926-4e6d-98c4-ec39c4eff97a,4c1d353a-bc6d-4898-a035-9e2ed4b99eee,a,"[{""type"": ""text"", ""html"": ""<p>\\(T = \\frac{2(20)\\sin 30^\\circ}{10} = 2 \\text{ s}\\)</p>""}]",\(T = \frac{2(20)\sin 30^\circ}{10} = 2 \text{ s}\),1
8703d7c2-9aef-4e3f-9699-48f80fb910fa,4c1d353a-bc6d-4898-a035-9e2ed4b99eee,b,"[{""type"": ""text"", ""html"": ""<p>\\(4 \\text{ s}\\)</p>""}]",\(4 \text{ s}\),2
aae1958c-c240-492c-b85e-823dbe7c91d3,4c1d353a-bc6d-4898-a035-9e2ed4b99eee,c,"[{""type"": ""text"", ""html"": ""<p>\\(1 \\text{ s}\\)</p>""}]",\(1 \text{ s}\),3
f4da0963-137f-4099-b10c-3d977028ff0b,4c1d353a-bc6d-4898-a035-9e2ed4b99eee,d,"[{""type"": ""text"", ""html"": ""<p>\\(3 \\text{ s}\\)</p>""}]",\(3 \text{ s}\),4
4083833a-e1c1-4bda-8dd2-e08193d28d92,48b460b4-8053-44f0-9401-29333c0eac58,a,"[{""type"": ""text"", ""html"": ""<p>The highest point of the trajectory</p>""}]",The highest point of the trajectory,1
75dfd2f4-671d-442e-ad03-7458509875a3,48b460b4-8053-44f0-9401-29333c0eac58,b,"[{""type"": ""text"", ""html"": ""<p>The point of launch</p>""}]",The point of launch,2
9ec086b3-9afe-4fb5-9c04-b6b1be4ec715,48b460b4-8053-44f0-9401-29333c0eac58,c,"[{""type"": ""text"", ""html"": ""<p>The point of landing</p>""}]",The point of landing,3
a18525c7-baa2-4ab4-a498-77789419fe5f,48b460b4-8053-44f0-9401-29333c0eac58,d,"[{""type"": ""text"", ""html"": ""<p>Never</p>""}]",Never,4
baccc2e1-6098-466c-89dd-7b2871327b2a,3d50c632-0e54-467f-beee-98a4a6e66c2d,a,"[{""type"": ""text"", ""html"": ""<p>\\(K' = K\\cos^2 60^\\circ = \\frac{K}{4}\\)</p>""}]",\(K' = K\cos^2 60^\circ = \frac{K}{4}\),1
a5e7622d-9d1a-43b4-93c8-3871b188b96b,3d50c632-0e54-467f-beee-98a4a6e66c2d,b,"[{""type"": ""text"", ""html"": ""<p>\\(\\frac{K}{2}\\)</p>""}]",\(\frac{K}{2}\),2
bcde11fd-1c66-44e0-9eb4-209d0859dc5a,3d50c632-0e54-467f-beee-98a4a6e66c2d,c,"[{""type"": ""text"", ""html"": ""<p>\\(\\frac{3K}{4}\\)</p>""}]",\(\frac{3K}{4}\),3
7419dffd-e7bd-401d-aae6-6eb01386c0f6,3d50c632-0e54-467f-beee-98a4a6e66c2d,d,"[{""type"": ""text"", ""html"": ""<p>\\(K\\)</p>""}]",\(K\),4
26ffc467-7afe-4202-92f3-35bbb3c154f2,2bd953b2-a179-4a61-b730-43ca3f4382c5,a,"[{""type"": ""text"", ""html"": ""<p>\\(\\theta = 60^\\circ\\) (since \\(u\\cos\\theta = u/2 \\Rightarrow \\cos\\theta = 1/2\\))</p>""}]",\(\theta = 60^\circ\) (since \(u\cos\theta = u/2 \Rightarrow \cos\theta = 1/2\)),1
6bc11cee-9ced-477d-80ab-702a14eb80f6,2bd953b2-a179-4a61-b730-43ca3f4382c5,b,"[{""type"": ""text"", ""html"": ""<p>\\(30^\\circ\\)</p>""}]",\(30^\circ\),2
38dad481-9f46-4e4e-8777-065e05fff44b,2bd953b2-a179-4a61-b730-43ca3f4382c5,c,"[{""type"": ""text"", ""html"": ""<p>\\(45^\\circ\\)</p>""}]",\(45^\circ\),3
c569211f-f589-4795-bd8e-fef9273f108f,2bd953b2-a179-4a61-b730-43ca3f4382c5,d,"[{""type"": ""text"", ""html"": ""<p>\\(90^\\circ\\)</p>""}]",\(90^\circ\),4
6d76b38b-150a-4b51-a1d8-11d4f1756ddc,41e6ee3b-6709-43b2-9436-5a065de7d4d6,a,"[{""type"": ""text"", ""html"": ""<p>Speed and kinetic energy</p>""}]",Speed and kinetic energy,1
6859073f-8b8e-494d-bfee-7039c11f93da,41e6ee3b-6709-43b2-9436-5a065de7d4d6,b,"[{""type"": ""text"", ""html"": ""<p>Velocity and acceleration</p>""}]",Velocity and acceleration,2
3b0e5d17-1aa4-42ab-ac54-ce6dbaca39ed,41e6ee3b-6709-43b2-9436-5a065de7d4d6,c,"[{""type"": ""text"", ""html"": ""<p>Momentum and displacement</p>""}]",Momentum and displacement,3
24ec1fd8-33f0-4478-b798-a46b9f53265f,41e6ee3b-6709-43b2-9436-5a065de7d4d6,d,"[{""type"": ""text"", ""html"": ""<p>Force and velocity</p>""}]",Force and velocity,4
7caa7c70-116f-4fc8-b64e-32db8144c77d,e31f0588-6af4-4ec3-a5b8-888b856db25a,a,"[{""type"": ""text"", ""html"": ""<p>Towards the centre along the radius (\\(a_c = \\frac{v^2}{R} = \\omega^2 R\\))</p>""}]",Towards the centre along the radius (\(a_c = \frac{v^2}{R} = \omega^2 R\)),1
5817e5a3-8953-4b44-92e2-18f703628382,e31f0588-6af4-4ec3-a5b8-888b856db25a,b,"[{""type"": ""text"", ""html"": ""<p>Away from the centre</p>""}]",Away from the centre,2
93bbc0b7-5bf3-4ba5-8c96-65c9898e7bd5,e31f0588-6af4-4ec3-a5b8-888b856db25a,c,"[{""type"": ""text"", ""html"": ""<p>Tangentially along the path</p>""}]",Tangentially along the path,3
ae424c7a-0e88-4ea2-9f2f-ba1476ec1477,e31f0588-6af4-4ec3-a5b8-888b856db25a,d,"[{""type"": ""text"", ""html"": ""<p>Parallel to angular velocity</p>""}]",Parallel to angular velocity,4
b740e518-8115-41ee-812d-58e9a307fbba,6942dffd-9ffd-4b99-b4f1-8e2f9489d4c2,a,"[{""type"": ""text"", ""html"": ""<p>\\(v = \\omega r\\) or \\(\\vec{v} = \\vec{\\omega} \\times \\vec{r}\\)</p>""}]",\(v = \omega r\) or \(\vec{v} = \vec{\omega} \times \vec{r}\),1
57630d45-d29e-4dfa-b36b-78d9df624d31,6942dffd-9ffd-4b99-b4f1-8e2f9489d4c2,b,"[{""type"": ""text"", ""html"": ""<p>\\(v = \\frac{\\omega}{r}\\)</p>""}]",\(v = \frac{\omega}{r}\),2
7fcc7740-36fe-496b-bc2e-41649777fbc9,6942dffd-9ffd-4b99-b4f1-8e2f9489d4c2,c,"[{""type"": ""text"", ""html"": ""<p>\\(\\omega = v r\\)</p>""}]",\(\omega = v r\),3
9658f8d7-4d34-4ea4-a10c-6e5085c3e808,6942dffd-9ffd-4b99-b4f1-8e2f9489d4c2,d,"[{""type"": ""text"", ""html"": ""<p>\\(v = \\omega^2 r\\)</p>""}]",\(v = \omega^2 r\),4
bb6a2d8b-d842-40f3-8846-0e9bc1cc6c08,4600b449-dd9c-4339-9555-8f06f020f08f,a,"[{""type"": ""text"", ""html"": ""<p>Radian (rad)</p>""}]",Radian (rad),1
9de34b40-31e0-4ed4-a1d6-9377528f82f1,4600b449-dd9c-4339-9555-8f06f020f08f,b,"[{""type"": ""text"", ""html"": ""<p>Degree</p>""}]",Degree,2
1289fc8c-990c-43f2-a5c9-09d48909e468,4600b449-dd9c-4339-9555-8f06f020f08f,c,"[{""type"": ""text"", ""html"": ""<p>Revolution</p>""}]",Revolution,3
359f871f-4fef-404b-b4b7-2cb363b695b3,4600b449-dd9c-4339-9555-8f06f020f08f,d,"[{""type"": ""text"", ""html"": ""<p>Meter</p>""}]",Meter,4
bc86e2ed-783b-4765-bcad-f74e02f6e9f0,b2903bde-1b35-4420-8131-3b4b0b653d02,a,"[{""type"": ""text"", ""html"": ""<p>\\(\\text{rad}\\cdot\\text{s}^{-1}\\)</p>""}]",\(\text{rad}\cdot\text{s}^{-1}\),1
8b93afc6-c210-465f-9088-5027a21e201b,b2903bde-1b35-4420-8131-3b4b0b653d02,b,"[{""type"": ""text"", ""html"": ""<p>\\(\\text{m}\\cdot\\text{s}^{-1}\\)</p>""}]",\(\text{m}\cdot\text{s}^{-1}\),2
da1394b6-07f8-453e-a04d-99c3bb8f0795,b2903bde-1b35-4420-8131-3b4b0b653d02,c,"[{""type"": ""text"", ""html"": ""<p>\\(\\text{rad}\\cdot\\text{s}^{-2}\\)</p>""}]",\(\text{rad}\cdot\text{s}^{-2}\),3
4f956eae-0688-4a33-8cf9-adbdccbdc350,b2903bde-1b35-4420-8131-3b4b0b653d02,d,"[{""type"": ""text"", ""html"": ""<p>\\(\\text{s}^{-1}\\)</p>""}]",\(\text{s}^{-1}\),4
1a0ab201-e540-4579-bc36-3c1838be7f52,180c044f-84c5-4b03-a51f-05989d669663,a,"[{""type"": ""text"", ""html"": ""<p>\\(\\omega = \\frac{2\\pi}{T} = 2\\pi\\nu\\)</p>""}]",\(\omega = \frac{2\pi}{T} = 2\pi\nu\),1
1245c3d2-da38-485c-9d84-9f78fde753ca,180c044f-84c5-4b03-a51f-05989d669663,b,"[{""type"": ""text"", ""html"": ""<p>\\(\\omega = 2\\pi T\\)</p>""}]",\(\omega = 2\pi T\),2
5b0f03c3-2488-492d-9236-7790d291fb6a,180c044f-84c5-4b03-a51f-05989d669663,c,"[{""type"": ""text"", ""html"": ""<p>\\(\\omega = \\frac{\\nu}{2\\pi}\\)</p>""}]",\(\omega = \frac{\nu}{2\pi}\),3
af8603b8-c7bd-4c04-a3c0-317ba320c33a,180c044f-84c5-4b03-a51f-05989d669663,d,"[{""type"": ""text"", ""html"": ""<p>\\(T = 2\\pi\\omega\\)</p>""}]",\(T = 2\pi\omega\),4
5cfc916d-3736-4605-9253-2b66a12d7bd3,6c7497c0-e950-4bf5-b59c-37374924ba41,a,"[{""type"": ""text"", ""html"": ""<p>\\(\\omega = \\frac{120 \\times 2\\pi}{60} = 4\\pi \\approx 12.57 \\text{ rad/s}\\)</p>""}]",\(\omega = \frac{120 \times 2\pi}{60} = 4\pi \approx 12.57 \text{ rad/s}\),1
0d88b0bf-080e-467c-8f43-51a406760c9a,6c7497c0-e950-4bf5-b59c-37374924ba41,b,"[{""type"": ""text"", ""html"": ""<p>\\(2\\pi \\text{ rad/s}\\)</p>""}]",\(2\pi \text{ rad/s}\),2
1a95d6b7-df39-4f50-8c97-73fe0c162d16,6c7497c0-e950-4bf5-b59c-37374924ba41,c,"[{""type"": ""text"", ""html"": ""<p>\\(8\\pi \\text{ rad/s}\\)</p>""}]",\(8\pi \text{ rad/s}\),3
15c11e6b-e313-4706-ac19-4d040a6742d4,6c7497c0-e950-4bf5-b59c-37374924ba41,d,"[{""type"": ""text"", ""html"": ""<p>\\(120 \\text{ rad/s}\\)</p>""}]",\(120 \text{ rad/s}\),4
abf77d17-57da-4d52-b0fb-0546281956e6,0aeb45a8-3314-4316-a121-e8fc69520666,a,"[{""type"": ""text"", ""html"": ""<p>\\(a_c = \\frac{v^2}{r} = \\frac{100}{2} = 50 \\text{ m/s}^2\\)</p>""}]",\(a_c = \frac{v^2}{r} = \frac{100}{2} = 50 \text{ m/s}^2\),1
668620f6-844d-40a9-9013-2109c3b6f6f8,0aeb45a8-3314-4316-a121-e8fc69520666,b,"[{""type"": ""text"", ""html"": ""<p>\\(20 \\text{ m/s}^2\\)</p>""}]",\(20 \text{ m/s}^2\),2
cf917b27-8885-49d5-91b3-211373b65a6f,0aeb45a8-3314-4316-a121-e8fc69520666,c,"[{""type"": ""text"", ""html"": ""<p>\\(5 \\text{ m/s}^2\\)</p>""}]",\(5 \text{ m/s}^2\),3
f9259b16-1e7e-44e7-96c9-d6aed9ab1cef,0aeb45a8-3314-4316-a121-e8fc69520666,d,"[{""type"": ""text"", ""html"": ""<p>\\(100 \\text{ m/s}^2\\)</p>""}]",\(100 \text{ m/s}^2\),4
cbea15a3-7944-4134-92e4-f593603cf1da,f4c90f2e-dcb6-4a79-9f44-0ecaadcca230,a,"[{""type"": ""text"", ""html"": ""<p>8 times (\\(a_c' = \\frac{(2v)^2}{r/2} = 8\\frac{v^2}{r}\\))</p>""}]",8 times (\(a_c' = \frac{(2v)^2}{r/2} = 8\frac{v^2}{r}\)),1
8b7e37ef-54dd-45db-906d-1809d0f922f3,f4c90f2e-dcb6-4a79-9f44-0ecaadcca230,b,"[{""type"": ""text"", ""html"": ""<p>4 times</p>""}]",4 times,2
50960e5f-56bb-4613-b812-d1f20e133d26,f4c90f2e-dcb6-4a79-9f44-0ecaadcca230,c,"[{""type"": ""text"", ""html"": ""<p>2 times</p>""}]",2 times,3
5a86b6cf-d60a-4537-9946-f1e2c8ae8a9f,f4c90f2e-dcb6-4a79-9f44-0ecaadcca230,d,"[{""type"": ""text"", ""html"": ""<p>16 times</p>""}]",16 times,4
1f75ab39-f65c-4558-b4c4-d1b2938b42e1,1b294e7b-441e-4fd6-b052-0774e289abba,a,"[{""type"": ""text"", ""html"": ""<p>Centripetal (radial) acceleration \\(a_r\\) and tangential acceleration \\(a_t\\) (\\(a = \\sqrt{a_r^2 + a_t^2}\\))</p>""}]",Centripetal (radial) acceleration \(a_r\) and tangential acceleration \(a_t\) (\(a = \sqrt{a_r^2 + a_t^2}\)),1
e0ead1d4-7c40-48d1-8390-5a2705de9bcb,1b294e7b-441e-4fd6-b052-0774e289abba,b,"[{""type"": ""text"", ""html"": ""<p>Radial acceleration only</p>""}]",Radial acceleration only,2
0a5f78ff-ce96-4af8-9f24-5e7931db458f,1b294e7b-441e-4fd6-b052-0774e289abba,c,"[{""type"": ""text"", ""html"": ""<p>Tangential acceleration only</p>""}]",Tangential acceleration only,3
7b0c42b0-94f5-4c62-a64c-f25a396bf6ba,1b294e7b-441e-4fd6-b052-0774e289abba,d,"[{""type"": ""text"", ""html"": ""<p>Angular velocity only</p>""}]",Angular velocity only,4
626d046c-d820-4ee6-b9be-8facc27fd1f3,68c7fa05-e53e-477a-86cd-0401bc8de4d7,a,"[{""type"": ""text"", ""html"": ""<p>Magnitude of linear velocity (speed)</p>""}]",Magnitude of linear velocity (speed),1
4bc15c72-bf5a-479e-8f45-50dd8862537e,68c7fa05-e53e-477a-86cd-0401bc8de4d7,b,"[{""type"": ""text"", ""html"": ""<p>Direction of velocity only</p>""}]",Direction of velocity only,2
00ae92ff-c4db-49d5-9c4f-499019f49de9,68c7fa05-e53e-477a-86cd-0401bc8de4d7,c,"[{""type"": ""text"", ""html"": ""<p>Radius of curvature</p>""}]",Radius of curvature,3
4d6b8112-4950-4561-8416-5887a8586fd3,68c7fa05-e53e-477a-86cd-0401bc8de4d7,d,"[{""type"": ""text"", ""html"": ""<p>Mass of particle</p>""}]",Mass of particle,4
81023349-f1cb-4a39-8acf-2aa2b9027bc6,c6332d79-747f-479e-a8b8-0b1f7a533f80,a,"[{""type"": ""text"", ""html"": ""<p>Direction of linear velocity</p>""}]",Direction of linear velocity,1
20f2734a-da6c-4619-b566-6c3655184fcb,c6332d79-747f-479e-a8b8-0b1f7a533f80,b,"[{""type"": ""text"", ""html"": ""<p>Magnitude of linear velocity</p>""}]",Magnitude of linear velocity,2
2db064e0-6837-4205-b44a-d7e1221a4c34,c6332d79-747f-479e-a8b8-0b1f7a533f80,c,"[{""type"": ""text"", ""html"": ""<p>Time period of motion</p>""}]",Time period of motion,3
79247d42-5dae-415c-9cd1-1dbcca266324,c6332d79-747f-479e-a8b8-0b1f7a533f80,d,"[{""type"": ""text"", ""html"": ""<p>Mass of particle</p>""}]",Mass of particle,4
5c9f28df-9cdd-48d2-8cbc-d4bac1417e8a,bd3bda11-5057-446c-adfb-f93c4c40dcee,a,"[{""type"": ""text"", ""html"": ""<p>A-(iv), B-(i), C-(ii), D-(iii)</p>""}]","A-(iv), B-(i), C-(ii), D-(iii)",1
50e906ed-f26f-4697-8632-98b0ba986dbb,bd3bda11-5057-446c-adfb-f93c4c40dcee,b,"[{""type"": ""text"", ""html"": ""<p>A-(i), B-(ii), C-(iii), D-(iv)</p>""}]","A-(i), B-(ii), C-(iii), D-(iv)",2
43faa03c-ada2-4a8a-94b9-83a667aee123,bd3bda11-5057-446c-adfb-f93c4c40dcee,c,"[{""type"": ""text"", ""html"": ""<p>A-(ii), B-(iv), C-(i), D-(iii)</p>""}]","A-(ii), B-(iv), C-(i), D-(iii)",3
63b4484a-4acd-48c5-9ea0-080b03b73368,bd3bda11-5057-446c-adfb-f93c4c40dcee,d,"[{""type"": ""text"", ""html"": ""<p>A-(iii), B-(i), C-(iv), D-(ii)</p>""}]","A-(iii), B-(i), C-(iv), D-(ii)",4
89366350-0b23-4583-a687-b3440819d19d,b8e98df4-324f-47df-b06f-1b7e02e6f89f,a,"[{""type"": ""text"", ""html"": ""<p>\\(\\vec{v}_{AB} = \\vec{v}_A - \\vec{v}_B\\)</p>""}]",\(\vec{v}_{AB} = \vec{v}_A - \vec{v}_B\),1
5b343754-8a15-4ba6-aaae-3b032b3896d8,b8e98df4-324f-47df-b06f-1b7e02e6f89f,b,"[{""type"": ""text"", ""html"": ""<p>\\(\\vec{v}_{AB} = \\vec{v}_A + \\vec{v}_B\\)</p>""}]",\(\vec{v}_{AB} = \vec{v}_A + \vec{v}_B\),2
a48f5aa7-54bb-462f-a390-ba3f843310f8,b8e98df4-324f-47df-b06f-1b7e02e6f89f,c,"[{""type"": ""text"", ""html"": ""<p>\\(\\vec{v}_{AB} = \\vec{v}_B - \\vec{v}_A\\)</p>""}]",\(\vec{v}_{AB} = \vec{v}_B - \vec{v}_A\),3
47210600-be4f-46fd-97e5-eea217dc954a,b8e98df4-324f-47df-b06f-1b7e02e6f89f,d,"[{""type"": ""text"", ""html"": ""<p>\\(\\vec{v}_{AB} = \\vec{v}_A \\times \\vec{v}_B\\)</p>""}]",\(\vec{v}_{AB} = \vec{v}_A \times \vec{v}_B\),4
6604f1df-f230-4eeb-99c2-a53a6bf1202b,7f405d88-77e2-4343-a131-d809fb92545f,a,"[{""type"": ""text"", ""html"": ""<p>\\(\\tan\\theta = \\frac{v_m}{v_r}\\)</p>""}]",\(\tan\theta = \frac{v_m}{v_r}\),1
5e40915d-0ed5-40f1-bb5d-bad62ca2e114,7f405d88-77e2-4343-a131-d809fb92545f,b,"[{""type"": ""text"", ""html"": ""<p>\\(\\tan\\theta = \\frac{v_r}{v_m}\\)</p>""}]",\(\tan\theta = \frac{v_r}{v_m}\),2
6e54ee8d-21bf-4813-951a-bdb38a9f394b,7f405d88-77e2-4343-a131-d809fb92545f,c,"[{""type"": ""text"", ""html"": ""<p>\\(\\sin\\theta = \\frac{v_m}{v_r}\\)</p>""}]",\(\sin\theta = \frac{v_m}{v_r}\),3
a69594bb-3093-4857-beff-191ff826a5e0,7f405d88-77e2-4343-a131-d809fb92545f,d,"[{""type"": ""text"", ""html"": ""<p>\\(\\cos\\theta = \\frac{v_m}{v_r}\\)</p>""}]",\(\cos\theta = \frac{v_m}{v_r}\),4
9c1b3eca-57c0-42b9-b69b-9631dbf0091f,83c6bba8-ae18-4ce3-b6d3-bcbd5e62edc2,a,"[{""type"": ""text"", ""html"": ""<p>\\(v = \\sqrt{4^2 + 3^2} = 5 \\text{ m/s}\\)</p>""}]",\(v = \sqrt{4^2 + 3^2} = 5 \text{ m/s}\),1
f4913257-2f67-45c6-a427-37f2751b6290,83c6bba8-ae18-4ce3-b6d3-bcbd5e62edc2,b,"[{""type"": ""text"", ""html"": ""<p>\\(7 \\text{ m/s}\\)</p>""}]",\(7 \text{ m/s}\),2
f243afea-5087-4f27-b1db-e59bf86d50c0,83c6bba8-ae18-4ce3-b6d3-bcbd5e62edc2,c,"[{""type"": ""text"", ""html"": ""<p>\\(1 \\text{ m/s}\\)</p>""}]",\(1 \text{ m/s}\),3
65eeaf9c-6ae9-4fae-96ec-dda22d62b251,83c6bba8-ae18-4ce3-b6d3-bcbd5e62edc2,d,"[{""type"": ""text"", ""html"": ""<p>\\(12 \\text{ m/s}\\)</p>""}]",\(12 \text{ m/s}\),4
0faa4238-4b82-4974-b7a2-f760152a7fae,b5d17b4b-dbad-4086-a742-cf6a4f3df824,a,"[{""type"": ""text"", ""html"": ""<p>Perpendicular to the river flow (\\(\\theta = 90^\\circ\\) to bank)</p>""}]",Perpendicular to the river flow (\(\theta = 90^\circ\) to bank),1
cf4bafad-3b89-4730-b729-8f49734b3a04,b5d17b4b-dbad-4086-a742-cf6a4f3df824,b,"[{""type"": ""text"", ""html"": ""<p>Upstream at an angle \\(\\theta\\)</p>""}]",Upstream at an angle \(\theta\),2
5b1ae5bc-ec21-4891-816c-2d1f00540a12,b5d17b4b-dbad-4086-a742-cf6a4f3df824,c,"[{""type"": ""text"", ""html"": ""<p>Downstream at \\(45^\\circ\\)</p>""}]",Downstream at \(45^\circ\),3
1560db4c-fcef-4d35-9f68-6719eee83279,b5d17b4b-dbad-4086-a742-cf6a4f3df824,d,"[{""type"": ""text"", ""html"": ""<p>Along the flow of river</p>""}]",Along the flow of river,4
d7250eab-5bc9-43ca-b75d-4d2ecda7fce2,b78269a8-9d1b-4d1d-bb4b-eeac06830a9e,a,"[{""type"": ""text"", ""html"": ""<p>\\(t_{\\text{min}} = \\frac{d}{v_s}\\)</p>""}]",\(t_{\text{min}} = \frac{d}{v_s}\),1
a8c34079-8c5e-465b-9a7c-d2b183cc2a19,b78269a8-9d1b-4d1d-bb4b-eeac06830a9e,b,"[{""type"": ""text"", ""html"": ""<p>\\(t = \\frac{d}{\\sqrt{v_s^2 - v_r^2}}\\)</p>""}]",\(t = \frac{d}{\sqrt{v_s^2 - v_r^2}}\),2
a8c30bbb-6d6a-4875-84a6-875dfb5d2a02,b78269a8-9d1b-4d1d-bb4b-eeac06830a9e,c,"[{""type"": ""text"", ""html"": ""<p>\\(t = \\frac{d}{v_s + v_r}\\)</p>""}]",\(t = \frac{d}{v_s + v_r}\),3
83b82244-deb6-480e-a2b3-124b59a94ffd,b78269a8-9d1b-4d1d-bb4b-eeac06830a9e,d,"[{""type"": ""text"", ""html"": ""<p>\\(t = \\frac{d}{v_r}\\)</p>""}]",\(t = \frac{d}{v_r}\),4
47e86b2c-8c51-4000-b5c0-7fd0b8dbc569,4d93f24c-64c2-4acb-a630-24f1ceb13d71,a,"[{""type"": ""text"", ""html"": ""<p>\\(\\sin\\alpha = \\frac{v_r}{v_s}\\) (where \\(\\theta = 90^\\circ + \\alpha\\))</p>""}]",\(\sin\alpha = \frac{v_r}{v_s}\) (where \(\theta = 90^\circ + \alpha\)),1
3820d951-1e90-4547-abdd-5b7c905cd9e0,4d93f24c-64c2-4acb-a630-24f1ceb13d71,b,"[{""type"": ""text"", ""html"": ""<p>\\(\\cos\\alpha = \\frac{v_r}{v_s}\\)</p>""}]",\(\cos\alpha = \frac{v_r}{v_s}\),2
9817dbcc-c49f-4a68-8caf-9b4d2892cd48,4d93f24c-64c2-4acb-a630-24f1ceb13d71,c,"[{""type"": ""text"", ""html"": ""<p>\\(\\tan\\alpha = \\frac{v_r}{v_s}\\)</p>""}]",\(\tan\alpha = \frac{v_r}{v_s}\),3
c1681120-3547-4aed-8127-18ae0ee6704f,4d93f24c-64c2-4acb-a630-24f1ceb13d71,d,"[{""type"": ""text"", ""html"": ""<p>\\(\\sin\\alpha = \\frac{v_s}{v_r}\\)</p>""}]",\(\sin\alpha = \frac{v_s}{v_r}\),4
785cfc6a-64b5-41a9-965d-e61eb9920e06,058ce5f3-96a6-4ba4-ac2e-6f1c09382872,a,"[{""type"": ""text"", ""html"": ""<p>\\(\\vec{v} = 3\\hat{i} + 4(2)\\hat{j} = 3\\hat{i} + 8\\hat{j}\\)</p>""}]",\(\vec{v} = 3\hat{i} + 4(2)\hat{j} = 3\hat{i} + 8\hat{j}\),1
7fe50805-ba03-4bab-9b54-fa5827e9df8d,058ce5f3-96a6-4ba4-ac2e-6f1c09382872,b,"[{""type"": ""text"", ""html"": ""<p>\\(6\\hat{i} + 8\\hat{j}\\)</p>""}]",\(6\hat{i} + 8\hat{j}\),2
e2bbe7d4-448a-4157-a318-3e9ce14bfcc1,058ce5f3-96a6-4ba4-ac2e-6f1c09382872,c,"[{""type"": ""text"", ""html"": ""<p>\\(3\\hat{i} + 4\\hat{j}\\)</p>""}]",\(3\hat{i} + 4\hat{j}\),3
d08264b4-44f1-4b7e-b4aa-9f6ffe32b968,058ce5f3-96a6-4ba4-ac2e-6f1c09382872,d,"[{""type"": ""text"", ""html"": ""<p>\\(3\\hat{i} + 16\\hat{j} + 5\\hat{k}\\)</p>""}]",\(3\hat{i} + 16\hat{j} + 5\hat{k}\),4
d8162411-d81b-4439-a8d7-e5c34629f676,c430b6a0-12ee-41e2-abe5-ddb85d045636,a,"[{""type"": ""text"", ""html"": ""<p>\\(\\vec{a} = 4\\hat{j} \\text{ m/s}^2\\)</p>""}]",\(\vec{a} = 4\hat{j} \text{ m/s}^2\),1
b198b26b-1758-45cc-87ed-efccc75c95e9,c430b6a0-12ee-41e2-abe5-ddb85d045636,b,"[{""type"": ""text"", ""html"": ""<p>\\(3\\hat{i} + 4\\hat{j}\\)</p>""}]",\(3\hat{i} + 4\hat{j}\),2
d3e3dd62-4012-457a-a599-c73983ee3d8c,c430b6a0-12ee-41e2-abe5-ddb85d045636,c,"[{""type"": ""text"", ""html"": ""<p>\\(2\\hat{j}\\)</p>""}]",\(2\hat{j}\),3
e8795696-0678-44b9-b532-656dea35cf7e,c430b6a0-12ee-41e2-abe5-ddb85d045636,d,"[{""type"": ""text"", ""html"": ""<p>\\(0\\)</p>""}]",\(0\),4
85735de7-5b1a-4cca-ae3e-8a46360c57b1,e2b7cc87-438b-411a-a3d7-7a9ace8407e9,a,"[{""type"": ""text"", ""html"": ""<p>\\(\\vec{v} = \\vec{u} + \\vec{a}t\\)</p>""}]",\(\vec{v} = \vec{u} + \vec{a}t\),1
1449e47f-fdc3-4e12-8bd0-23f9cb0d3b65,e2b7cc87-438b-411a-a3d7-7a9ace8407e9,b,"[{""type"": ""text"", ""html"": ""<p>\\(\\vec{v} = \\vec{u} - \\vec{a}t\\)</p>""}]",\(\vec{v} = \vec{u} - \vec{a}t\),2
e6596d22-b7e1-42f7-a4ec-c0d5340089cc,e2b7cc87-438b-411a-a3d7-7a9ace8407e9,c,"[{""type"": ""text"", ""html"": ""<p>\\(\\vec{v} = \\vec{a}t\\)</p>""}]",\(\vec{v} = \vec{a}t\),3
74c75960-6c19-4558-82ea-9e6a73473402,e2b7cc87-438b-411a-a3d7-7a9ace8407e9,d,"[{""type"": ""text"", ""html"": ""<p>\\(\\vec{v} = \\sqrt{u^2 + 2at}\\)</p>""}]",\(\vec{v} = \sqrt{u^2 + 2at}\),4
75246695-2c27-405b-bcfc-f2083eb7d74f,d24b8b48-e154-46ee-b479-e9ad3dbafadf,a,"[{""type"": ""text"", ""html"": ""<p>\\(\\vec{r} = \\vec{u}t + \\frac{1}{2}\\vec{a}t^2\\)</p>""}]",\(\vec{r} = \vec{u}t + \frac{1}{2}\vec{a}t^2\),1
df211e07-4e32-45a3-a8cc-ec49f2a94506,d24b8b48-e154-46ee-b479-e9ad3dbafadf,b,"[{""type"": ""text"", ""html"": ""<p>\\(\\vec{r} = \\vec{u}t - \\frac{1}{2}\\vec{a}t^2\\)</p>""}]",\(\vec{r} = \vec{u}t - \frac{1}{2}\vec{a}t^2\),2
f94a0ded-ed7d-43e3-b1db-4117a187686c,d24b8b48-e154-46ee-b479-e9ad3dbafadf,c,"[{""type"": ""text"", ""html"": ""<p>\\(\\vec{r} = \\frac{1}{2}\\vec{a}t^2\\)</p>""}]",\(\vec{r} = \frac{1}{2}\vec{a}t^2\),3
07672d97-4cd4-40bd-9fb6-62cbc2eb8e2b,d24b8b48-e154-46ee-b479-e9ad3dbafadf,d,"[{""type"": ""text"", ""html"": ""<p>\\(\\vec{r} = \\vec{u}t\\)</p>""}]",\(\vec{r} = \vec{u}t\),4
620acbe4-7333-4907-a02c-f28bfdcc335c,015da9d6-85ce-4351-91d9-6fce6206aa7f,a,"[{""type"": ""text"", ""html"": ""<p>\\(90^\\circ\\)</p>""}]",\(90^\circ\),1
c456c1fe-d570-4c09-891e-a1f9acfc73de,015da9d6-85ce-4351-91d9-6fce6206aa7f,b,"[{""type"": ""text"", ""html"": ""<p>\\(0^\\circ\\)</p>""}]",\(0^\circ\),2
31815972-8879-479b-bfe5-90aa836221f7,015da9d6-85ce-4351-91d9-6fce6206aa7f,c,"[{""type"": ""text"", ""html"": ""<p>\\(180^\\circ\\)</p>""}]",\(180^\circ\),3
53d153fc-394f-4ddc-8e4d-27f7ba21acaa,015da9d6-85ce-4351-91d9-6fce6206aa7f,d,"[{""type"": ""text"", ""html"": ""<p>\\(45^\\circ\\)</p>""}]",\(45^\circ\),4
923d161a-4572-4d54-8986-78db3f6bf0fb,4198f4bd-baa7-410e-9bd2-3da4b9e2fa53,a,"[{""type"": ""text"", ""html"": ""<p>\\(t = \\sqrt{\\frac{2h}{g}}\\)</p>""}]",\(t = \sqrt{\frac{2h}{g}}\),1
85ab03a5-7977-4faf-be8b-0554368ed025,4198f4bd-baa7-410e-9bd2-3da4b9e2fa53,b,"[{""type"": ""text"", ""html"": ""<p>\\(t = \\frac{2h}{g}\\)</p>""}]",\(t = \frac{2h}{g}\),2
b62fba61-47e6-4965-ab46-fd09e0a9ca9f,4198f4bd-baa7-410e-9bd2-3da4b9e2fa53,c,"[{""type"": ""text"", ""html"": ""<p>\\(t = \\sqrt{\\frac{h}{2g}}\\)</p>""}]",\(t = \sqrt{\frac{h}{2g}}\),3
d701138b-de09-45f2-9942-978de8e6595c,4198f4bd-baa7-410e-9bd2-3da4b9e2fa53,d,"[{""type"": ""text"", ""html"": ""<p>\\(t = \\frac{u}{g}\\)</p>""}]",\(t = \frac{u}{g}\),4
434db0fd-9c9a-4e52-a428-c289bb18100f,2e7fb18c-fffe-4677-b1a2-2063222ff530,a,"[{""type"": ""text"", ""html"": ""<p>\\(x = u\\sqrt{\\frac{2h}{g}}\\)</p>""}]",\(x = u\sqrt{\frac{2h}{g}}\),1
7957564c-8c8c-463d-9301-a3388eb5a2d0,2e7fb18c-fffe-4677-b1a2-2063222ff530,b,"[{""type"": ""text"", ""html"": ""<p>\\(x = u\\frac{2h}{g}\\)</p>""}]",\(x = u\frac{2h}{g}\),2
129a1869-4d33-4cac-b4d8-26fe917140cc,2e7fb18c-fffe-4677-b1a2-2063222ff530,c,"[{""type"": ""text"", ""html"": ""<p>\\(x = \\frac{u^2}{2g}\\)</p>""}]",\(x = \frac{u^2}{2g}\),3
9537808e-e3a5-444c-b42c-b23cc8f2ba31,2e7fb18c-fffe-4677-b1a2-2063222ff530,d,"[{""type"": ""text"", ""html"": ""<p>\\(x = \\sqrt{2gh}\\)</p>""}]",\(x = \sqrt{2gh}\),4
7dc23cd3-c8c0-453a-ab37-1f7ad56f6e51,97a0f509-3a1f-4da2-8814-56e726ddaf5c,a,"[{""type"": ""text"", ""html"": ""<p>\\(v = \\sqrt{u^2 + 2gh}\\)</p>""}]",\(v = \sqrt{u^2 + 2gh}\),1
91b11c5f-364f-4603-961c-552e14ae9be4,97a0f509-3a1f-4da2-8814-56e726ddaf5c,b,"[{""type"": ""text"", ""html"": ""<p>\\(v = u + \\sqrt{2gh}\\)</p>""}]",\(v = u + \sqrt{2gh}\),2
e415fbe8-7a1d-459d-b242-ddea1be9106b,97a0f509-3a1f-4da2-8814-56e726ddaf5c,c,"[{""type"": ""text"", ""html"": ""<p>\\(v = \\sqrt{2gh}\\)</p>""}]",\(v = \sqrt{2gh}\),3
b2b94495-31d3-4f1b-8c33-99840f5f0427,97a0f509-3a1f-4da2-8814-56e726ddaf5c,d,"[{""type"": ""text"", ""html"": ""<p>\\(v = u\\)</p>""}]",\(v = u\),4
12d366ef-f341-45f4-8123-f616b95d5887,5ab4f2e7-eaec-4e6a-9455-a5c0d421b497,a,"[{""type"": ""text"", ""html"": ""<p>Both hit the ground at the same time (since vertical motion depends only on \\(h\\) and \\(g\\))</p>""}]",Both hit the ground at the same time (since vertical motion depends only on \(h\) and \(g\)),1
c903479d-8dad-4fc7-8253-c8cd6ccf73d7,5ab4f2e7-eaec-4e6a-9455-a5c0d421b497,b,"[{""type"": ""text"", ""html"": ""<p>Faster bullet hits first</p>""}]",Faster bullet hits first,2
11337092-5586-4936-adab-31c489581372,5ab4f2e7-eaec-4e6a-9455-a5c0d421b497,c,"[{""type"": ""text"", ""html"": ""<p>Slower bullet hits first</p>""}]",Slower bullet hits first,3
c7a99567-c9ac-4464-9dde-d95a800b5ba5,5ab4f2e7-eaec-4e6a-9455-a5c0d421b497,d,"[{""type"": ""text"", ""html"": ""<p>Depends on mass of bullets</p>""}]",Depends on mass of bullets,4
7f41dfc2-131e-4235-aec0-8a74ebbea16b,4d3f013d-abbc-4cda-a8fb-659942d36480,a,"[{""type"": ""text"", ""html"": ""<p>\\(\\omega^2 r\\) towards the centre</p>""}]",\(\omega^2 r\) towards the centre,1
7ef6434b-6ca0-49a8-8dd9-8def0dfb1759,4d3f013d-abbc-4cda-a8fb-659942d36480,b,"[{""type"": ""text"", ""html"": ""<p>\\(\\omega r\\) along tangent</p>""}]",\(\omega r\) along tangent,2
5a674f3d-a330-46ba-8146-55fb21d545e3,4d3f013d-abbc-4cda-a8fb-659942d36480,c,"[{""type"": ""text"", ""html"": ""<p>Zero</p>""}]",Zero,3
6e4c4470-fe35-413a-98e2-b647a884c4be,4d3f013d-abbc-4cda-a8fb-659942d36480,d,"[{""type"": ""text"", ""html"": ""<p>\\(\\frac{\\omega^2}{r}\\) outward</p>""}]",\(\frac{\omega^2}{r}\) outward,4
bd7297f2-2a7a-407a-8864-f5b3e02107b4,0880b3a1-be90-436c-ad41-1b679d54eae0,a,"[{""type"": ""text"", ""html"": ""<p>1</p>""}]",1,1
da332dae-5351-42fc-81c2-394ae401e93e,0880b3a1-be90-436c-ad41-1b679d54eae0,b,"[{""type"": ""text"", ""html"": ""<p>0</p>""}]",0,2
34bda0d3-451a-465f-b2d6-44f2506bbb39,0880b3a1-be90-436c-ad41-1b679d54eae0,c,"[{""type"": ""text"", ""html"": ""<p>2</p>""}]",2,3
d08cf079-bd03-4da3-861b-eb8d26d4eef5,0880b3a1-be90-436c-ad41-1b679d54eae0,d,"[{""type"": ""text"", ""html"": ""<p>-1</p>""}]",-1,4
4870d00d-2141-4643-bf96-dd43285f1e23,8c3d618e-f2a8-489a-87a1-8b16e7ece59d,a,"[{""type"": ""text"", ""html"": ""<p>\\(90^\\circ\\) (since \\(\\vec{A} \\cdot \\vec{B} = 1 - 1 = 0\\))</p>""}]",\(90^\circ\) (since \(\vec{A} \cdot \vec{B} = 1 - 1 = 0\)),1
dfa4634f-20be-4fd7-a655-f04dcf2124c2,8c3d618e-f2a8-489a-87a1-8b16e7ece59d,b,"[{""type"": ""text"", ""html"": ""<p>\\(45^\\circ\\)</p>""}]",\(45^\circ\),2
a6d6ef30-82ef-46a0-a196-591fbf2a710f,8c3d618e-f2a8-489a-87a1-8b16e7ece59d,c,"[{""type"": ""text"", ""html"": ""<p>\\(180^\\circ\\)</p>""}]",\(180^\circ\),3
6622e888-d7ab-467a-b2db-e0797a98a969,8c3d618e-f2a8-489a-87a1-8b16e7ece59d,d,"[{""type"": ""text"", ""html"": ""<p>\\(0^\\circ\\)</p>""}]",\(0^\circ\),4
139a67b5-295a-49be-8a60-0e0e0a69a054,6473c68c-46fa-4881-aaa5-188f0963af9a,a,"[{""type"": ""text"", ""html"": ""<p>\\(90^\\circ\\)</p>""}]",\(90^\circ\),1
ce772375-3f43-4bf2-996b-dc9a74206a40,6473c68c-46fa-4881-aaa5-188f0963af9a,b,"[{""type"": ""text"", ""html"": ""<p>\\(60^\\circ\\)</p>""}]",\(60^\circ\),2
d87246f5-bd31-44bd-980e-2fb50e22f54e,6473c68c-46fa-4881-aaa5-188f0963af9a,c,"[{""type"": ""text"", ""html"": ""<p>\\(45^\\circ\\)</p>""}]",\(45^\circ\),3
966da954-b3d2-4bbb-b979-daa63037528e,6473c68c-46fa-4881-aaa5-188f0963af9a,d,"[{""type"": ""text"", ""html"": ""<p>\\(120^\\circ\\)</p>""}]",\(120^\circ\),4
13390029-c8eb-4786-880b-c31aa7cf8442,d76cb821-e14d-4639-b3d7-cdc92ba90c29,a,"[{""type"": ""text"", ""html"": ""<p>\\(45^\\circ\\) (since \\(\\sin\\theta = \\cos\\theta \\Rightarrow \\tan\\theta = 1\\))</p>""}]",\(45^\circ\) (since \(\sin\theta = \cos\theta \Rightarrow \tan\theta = 1\)),1
5c269457-2111-4897-bd88-8185b4cb5a34,d76cb821-e14d-4639-b3d7-cdc92ba90c29,b,"[{""type"": ""text"", ""html"": ""<p>\\(30^\\circ\\)</p>""}]",\(30^\circ\),2
1be24d08-e65f-4d86-bbf3-54fca630770b,d76cb821-e14d-4639-b3d7-cdc92ba90c29,c,"[{""type"": ""text"", ""html"": ""<p>\\(60^\\circ\\)</p>""}]",\(60^\circ\),3
3bcdfdf4-e1bf-45a0-b859-719fc4a3dee0,d76cb821-e14d-4639-b3d7-cdc92ba90c29,d,"[{""type"": ""text"", ""html"": ""<p>\\(90^\\circ\\)</p>""}]",\(90^\circ\),4
fc71c61b-7e2b-4474-b2de-cbfb3a325099,37f10e51-f51c-4ff3-9a10-3d542611ef9d,a,"[{""type"": ""text"", ""html"": ""<p>\\(g T^2 = 8 H\\) (or \\(H = \\frac{g T^2}{8}\\))</p>""}]",\(g T^2 = 8 H\) (or \(H = \frac{g T^2}{8}\)),1
8ad7cca0-c27e-4229-acac-f6cae3ae631b,37f10e51-f51c-4ff3-9a10-3d542611ef9d,b,"[{""type"": ""text"", ""html"": ""<p>\\(g T^2 = 4 H\\)</p>""}]",\(g T^2 = 4 H\),2
b0eee91c-ae9e-4007-b3c5-694c3d28fb42,37f10e51-f51c-4ff3-9a10-3d542611ef9d,c,"[{""type"": ""text"", ""html"": ""<p>\\(g T = 2 H\\)</p>""}]",\(g T = 2 H\),3
77579b8e-a295-45d8-abda-9bbbb5abaca5,37f10e51-f51c-4ff3-9a10-3d542611ef9d,d,"[{""type"": ""text"", ""html"": ""<p>\\(g T^2 = 2 H\\)</p>""}]",\(g T^2 = 2 H\),4
